# weather-vane converted from Panda3D bam (world transforms applied)
mtllib weather-vane.mtl
o weather-vane-diffuse
usemtl weather-vane-diffuse
v 4.768865 2.965583 11.133162
v 4.761796 4.034430 11.136090
v 4.768865 4.034430 11.133162
v 4.768865 2.965583 11.153155
v 4.775934 4.034430 11.150228
v 4.768865 4.034430 11.153155
v 4.778862 2.965583 11.143159
v 4.775934 4.034430 11.136090
v 4.778862 4.034430 11.143159
v 4.778862 2.965583 11.143159
v 4.768865 2.965583 11.153155
v 4.758868 2.965583 11.143159
v 4.761796 2.965583 11.150228
v 4.761796 4.034430 11.150228
v 4.775934 2.965583 11.136090
v 4.775934 4.034430 11.136090
v 4.768865 4.034430 11.153155
v 4.775934 4.034430 11.136090
v 4.761796 4.034430 11.136090
v 4.758868 2.965583 11.143159
v 4.761796 4.034430 11.150228
v 4.758868 4.034430 11.143159
v 4.761796 2.965583 11.136090
v 4.761796 4.034430 11.136090
v 4.775934 2.965583 11.150228
v 4.775934 4.034430 11.150228
v 4.768507 3.533191 11.157054
v 4.786265 3.518137 11.168502
v 4.791708 3.523580 11.157054
v 4.768507 3.514016 11.176130
v 4.768507 3.500378 11.178835
v 4.778151 3.510022 11.176130
v 4.768507 3.500378 11.108198
v 4.768507 3.514016 11.110902
v 4.778151 3.510022 11.110902
v 4.768507 3.533191 11.129978
v 4.786265 3.518137 11.118530
v 4.768507 3.525493 11.118530
v 4.793625 3.525497 11.143517
v 4.768507 3.535901 11.143517
v 4.768507 3.525493 11.168502
v 4.778151 3.510022 11.176130
v 4.768507 3.533191 11.129978
v 4.791708 3.523580 11.129978
v 4.791708 3.523580 11.129978
v 4.793621 3.500378 11.118530
v 4.786265 3.518137 11.118530
v 4.791708 3.523580 11.157054
v 4.804030 3.500378 11.143517
v 4.793625 3.525497 11.143517
v 4.793621 3.500378 11.168502
v 4.786265 3.518137 11.168502
v 4.793621 3.500378 11.118530
v 4.782145 3.500378 11.110902
v 4.801319 3.500378 11.129978
v 4.793621 3.500378 11.168502
v 4.801319 3.500378 11.157054
v 4.782145 3.500378 11.176130
v 4.778151 3.490734 11.110902
v 4.791708 3.477176 11.129978
v 4.791708 3.477176 11.157054
v 4.778151 3.490734 11.176130
v 4.786265 3.482620 11.118530
v 4.793625 3.475260 11.143517
v 4.786265 3.482620 11.168502
v 4.793625 3.475260 11.143517
v 4.768507 3.467566 11.129978
v 4.791708 3.477176 11.129978
v 4.768507 3.467566 11.157054
v 4.791708 3.477176 11.157054
v 4.768507 3.486740 11.176130
v 4.768507 3.486740 11.110902
v 4.786265 3.482620 11.118530
v 4.768507 3.475264 11.118530
v 4.768507 3.467566 11.157054
v 4.768507 3.464855 11.143517
v 4.768507 3.475264 11.168502
v 4.778151 3.490734 11.110902
v 4.768507 3.486740 11.110902
v 4.758863 3.490734 11.110902
v 4.750748 3.482620 11.118530
v 4.743388 3.475260 11.143517
v 4.758863 3.490734 11.176130
v 4.750748 3.482620 11.168502
v 4.758863 3.490734 11.110902
v 4.745305 3.477176 11.129978
v 4.745305 3.477176 11.157054
v 4.745305 3.477176 11.157054
v 4.732984 3.500378 11.143517
v 4.743388 3.475260 11.143517
v 4.743392 3.500378 11.168502
v 4.743392 3.500378 11.118530
v 4.754869 3.500378 11.110902
v 4.745305 3.477176 11.129978
v 4.735694 3.500378 11.129978
v 4.743392 3.500378 11.168502
v 4.735694 3.500378 11.157054
v 4.754869 3.500378 11.176130
v 4.743392 3.500378 11.118530
v 4.750748 3.482620 11.118530
v 4.758863 3.510022 11.110902
v 4.745305 3.523580 11.129978
v 4.745305 3.523580 11.157054
v 4.758863 3.510022 11.176130
v 4.750748 3.518137 11.118530
v 4.743388 3.525497 11.143517
v 4.750748 3.518137 11.168502
v 4.750748 3.518137 11.168502
v 4.745305 3.523580 11.157054
v 4.750748 3.518137 11.118530
v 4.743388 3.525497 11.143517
v 4.758863 3.510022 11.176130
v 4.745305 3.523580 11.129978
v 4.753181 4.145616 11.140182
v 4.754335 4.113163 11.091332
v 4.754335 4.113163 11.189032
v 4.754335 4.113163 11.189032
v 4.755238 4.077713 11.110040
v 4.755238 4.077713 11.170323
v 4.755238 4.077713 11.110040
v 4.757691 4.054613 11.167616
v 4.755238 4.077713 11.170323
v 4.757691 4.054613 11.112748
v 4.760299 4.016544 11.179987
v 4.757691 4.054613 11.167616
v 4.783050 4.113164 11.091332
v 4.784204 4.145617 11.084394
v 4.784204 4.145616 11.140182
v 4.783050 4.113163 11.189032
v 4.782147 4.077713 11.110040
v 4.783050 4.113164 11.091332
v 4.779694 4.054613 11.167616
v 4.782147 4.077713 11.110040
v 4.782147 4.077713 11.170323
v 4.777085 4.016544 11.179987
v 4.779694 4.054613 11.112748
v 4.779694 4.054613 11.167616
v 4.777085 4.016544 11.100377
v 4.760299 4.016544 11.179987
v 4.760299 4.016544 11.100377
v 4.757691 4.054613 11.167616
v 4.782147 4.077713 11.170323
v 4.755238 4.077713 11.170323
v 4.753181 4.145617 11.084394
v 4.783050 4.113164 11.091332
v 4.754335 4.113163 11.091332
v 4.757691 4.054613 11.112748
v 4.777085 4.016544 11.100377
v 4.760299 4.016544 11.100377
v 4.754335 4.113163 11.189032
v 4.783050 4.113163 11.189032
v 4.782147 4.077713 11.110040
v 4.779694 4.054613 11.112748
v 4.753181 4.145617 11.195971
v 4.784204 4.145617 11.195971
v 4.753181 4.145616 11.140182
v 4.784204 4.145617 11.195971
v 4.784204 4.145616 11.140182
v 4.760299 4.016544 11.179987
v 4.779694 4.054613 11.167616
v 4.754335 4.113163 11.091332
v 4.782147 4.077713 11.110040
v 4.755238 4.077713 11.110040
v 4.759684 3.010214 11.161288
v 4.751663 2.945034 11.089767
v 4.751663 2.945034 11.190597
v 4.751663 2.945034 11.190597
v 4.751663 2.945034 11.089767
v 4.757594 2.793555 11.140182
v 4.778032 3.010214 11.161288
v 4.786053 2.945034 11.089767
v 4.778032 3.010214 11.119076
v 4.786053 2.945034 11.190597
v 4.780122 2.793555 11.140182
v 4.786053 2.945034 11.089767
v 4.751663 2.945034 11.089767
v 4.778032 3.010214 11.119076
v 4.786053 2.945034 11.089767
v 4.751663 2.945034 11.190597
v 4.780122 2.793555 11.140182
v 4.786053 2.945034 11.190597
v 4.751663 2.945034 11.190597
v 4.778032 3.010214 11.161288
v 4.759684 3.010214 11.161288
v 4.780122 2.793555 11.140182
v 4.757594 2.793555 11.140182
v 4.780251 3.212253 11.425378
v 4.780251 3.224355 11.429577
v 4.780251 3.198279 11.452942
v 4.780251 3.382756 11.540940
v 4.780251 3.386790 11.489381
v 4.780251 3.460418 11.544172
v 4.780251 3.118418 11.473927
v 4.780251 3.083231 11.467293
v 4.780251 3.130650 11.445883
v 4.780251 3.141704 11.280229
v 4.780251 3.165650 11.270098
v 4.780251 3.179868 11.294800
v 4.780251 3.093601 11.237174
v 4.780251 3.087224 11.239120
v 4.780251 3.083455 11.224276
v 4.780251 3.747472 11.026266
v 4.780251 3.770115 11.023791
v 4.780251 3.749006 11.068383
v 4.780251 3.612294 11.223845
v 4.780251 3.596967 11.207777
v 4.780251 3.617305 11.209465
v 4.780251 3.597563 11.222906
v 4.780251 3.578121 11.212078
v 4.780251 3.596967 11.207777
v 4.780251 3.552485 11.232275
v 4.780251 3.547232 11.218110
v 4.780251 3.503713 11.250917
v 4.780251 3.497892 11.236951
v 4.780251 3.803211 11.263182
v 4.780251 3.812315 11.293715
v 4.780251 3.793212 11.274715
v 4.780251 3.812315 11.293715
v 4.780251 3.827621 11.314567
v 4.780251 3.812729 11.316076
v 4.780251 3.812729 11.316076
v 4.780251 3.820387 11.348041
v 4.780251 3.806334 11.342360
v 4.780251 3.820387 11.348041
v 4.780251 3.788528 11.371922
v 4.780251 3.806334 11.342360
v 4.780251 3.799442 11.382149
v 4.780251 3.755660 11.425070
v 4.780251 3.788528 11.371922
v 4.780251 3.755660 11.425070
v 4.780251 3.720357 11.473803
v 4.780251 3.710676 11.462259
v 4.780251 3.710676 11.462259
v 4.780251 3.661817 11.501859
v 4.780251 3.655537 11.488093
v 4.780251 3.655537 11.488093
v 4.780251 3.612674 11.520410
v 4.780251 3.606941 11.506448
v 4.780251 3.534626 11.538120
v 4.780251 3.529673 11.523987
v 4.780251 3.529673 11.523987
v 4.780251 3.457680 11.542643
v 4.780251 3.451289 11.528595
v 4.780251 3.332257 11.573861
v 4.780251 3.297866 11.547607
v 4.780251 3.355842 11.569985
v 4.780251 3.291683 11.561232
v 4.780251 3.262588 11.530168
v 4.780251 3.297866 11.547607
v 4.780251 3.262588 11.530168
v 4.780251 3.200072 11.507699
v 4.780251 3.208498 11.495138
v 4.780251 3.208498 11.495138
v 4.780251 3.166324 11.480567
v 4.780251 3.175033 11.468233
v 4.780251 3.150177 11.446426
v 4.780251 3.209975 11.471102
v 4.780251 3.193238 11.458961
v 4.780251 3.206350 11.456359
v 4.780251 3.193238 11.458961
v 4.780251 3.174355 11.471579
v 4.780251 3.176543 11.456635
v 4.780251 3.146801 11.461231
v 4.780251 3.146380 11.445827
v 4.780251 3.258947 11.429276
v 4.780251 3.268239 11.405766
v 4.780251 3.277601 11.417697
v 4.780251 3.277601 11.417697
v 4.780251 3.279315 11.396334
v 4.780251 3.292702 11.403429
v 4.780251 3.299692 11.376599
v 4.780251 3.284600 11.376032
v 4.780251 3.299389 11.342069
v 4.780251 3.299692 11.376599
v 4.780251 3.284323 11.340955
v 4.780251 3.297329 11.315310
v 4.780251 3.299389 11.342069
v 4.780251 3.230955 11.239731
v 4.780251 3.212579 11.235160
v 4.780251 3.222190 11.226951
v 4.780251 3.212579 11.235160
v 4.780251 3.189652 11.232578
v 4.780251 3.193440 11.218191
v 4.780251 3.193440 11.218191
v 4.780251 3.157574 11.217210
v 4.780251 3.160559 11.202457
v 4.780251 3.160559 11.202457
v 4.780251 3.129318 11.210000
v 4.780251 3.129893 11.194934
v 4.780251 3.105294 11.206749
v 4.780251 3.105294 11.206749
v 4.780251 3.095436 11.231338
v 4.780251 3.086572 11.219071
v 4.780251 3.090522 11.250077
v 4.780251 3.079870 11.228208
v 4.780251 3.091779 11.232369
v 4.780251 3.090522 11.250077
v 4.780251 3.081935 11.279603
v 4.780251 3.075336 11.250717
v 4.780251 3.096997 11.278401
v 4.780251 3.083973 11.303082
v 4.780251 3.081935 11.279603
v 4.780251 3.097751 11.329200
v 4.780251 3.082633 11.329430
v 4.780251 3.082633 11.329430
v 4.780251 3.097182 11.353065
v 4.780251 3.082112 11.354318
v 4.780251 3.091753 11.381314
v 4.780251 3.106511 11.378990
v 4.780251 3.104836 11.411685
v 4.780251 3.119512 11.409164
v 4.780251 3.110964 11.425469
v 4.780251 3.104836 11.411685
v 4.780251 3.125586 11.422742
v 4.780251 3.123311 11.446495
v 4.780251 3.110964 11.425469
v 4.780251 3.134135 11.442499
v 4.780251 3.133123 11.458529
v 4.780251 3.123311 11.446495
v 4.756972 3.219846 11.487260
v 4.756972 3.250025 11.487661
v 4.756972 3.224355 11.429577
v 4.756972 3.443232 11.226052
v 4.756972 3.330076 11.356602
v 4.756972 3.353963 11.387393
v 4.756972 3.118418 11.473927
v 4.756972 3.130650 11.445883
v 4.756972 3.083231 11.467293
v 4.756972 3.179868 11.294800
v 4.756972 3.165650 11.270098
v 4.756972 3.141704 11.280229
v 4.756972 3.083455 11.224276
v 4.756972 3.087224 11.239120
v 4.756972 3.093601 11.237174
v 4.756972 3.751113 11.070233
v 4.756972 3.748012 11.078672
v 4.756972 3.825780 11.050535
v 4.756972 3.596967 11.207777
v 4.756972 3.612294 11.223845
v 4.756972 3.617305 11.209465
v 4.756972 3.578121 11.212078
v 4.756972 3.597563 11.222906
v 4.756972 3.552485 11.232275
v 4.756972 3.580004 11.227066
v 4.756972 3.547232 11.218110
v 4.756972 3.503713 11.250917
v 4.756972 3.803211 11.263182
v 4.756972 3.812315 11.293715
v 4.756972 3.826894 11.289667
v 4.756972 3.812315 11.293715
v 4.756972 3.827621 11.314567
v 4.756972 3.826894 11.289667
v 4.756972 3.812729 11.316076
v 4.756972 3.820387 11.348041
v 4.756972 3.827621 11.314567
v 4.756972 3.788528 11.371922
v 4.756972 3.806334 11.342360
v 4.756972 3.755660 11.425070
v 4.756972 3.799442 11.382149
v 4.756972 3.788528 11.371922
v 4.756972 3.755660 11.425070
v 4.756972 3.720357 11.473803
v 4.756972 3.766491 11.435637
v 4.756972 3.710676 11.462259
v 4.756972 3.661817 11.501859
v 4.756972 3.720357 11.473803
v 4.756972 3.655537 11.488093
v 4.756972 3.612674 11.520410
v 4.756972 3.661817 11.501859
v 4.756972 3.606941 11.506448
v 4.756972 3.534626 11.538120
v 4.756972 3.612674 11.520410
v 4.756972 3.529673 11.523987
v 4.756972 3.457680 11.542643
v 4.756972 3.534626 11.538120
v 4.756972 3.332257 11.573861
v 4.756972 3.297866 11.547607
v 4.756972 3.291683 11.561232
v 4.756972 3.262588 11.530168
v 4.756972 3.262588 11.530168
v 4.756972 3.200072 11.507699
v 4.756972 3.254647 11.543038
v 4.756972 3.208498 11.495138
v 4.756972 3.166324 11.480567
v 4.756972 3.150177 11.446426
v 4.756972 3.166324 11.480567
v 4.756972 3.175033 11.468233
v 4.756972 3.209974 11.471102
v 4.756972 3.193238 11.458961
v 4.756972 3.192799 11.474078
v 4.756972 3.174355 11.471579
v 4.756972 3.176543 11.456635
v 4.756972 3.146801 11.461231
v 4.756972 3.174355 11.471579
v 4.756972 3.258947 11.429276
v 4.756972 3.268239 11.405766
v 4.756972 3.246153 11.420704
v 4.756972 3.277601 11.417697
v 4.756972 3.279315 11.396334
v 4.756972 3.268239 11.405766
v 4.756972 3.299692 11.376599
v 4.756972 3.279315 11.396334
v 4.756972 3.292702 11.403429
v 4.756972 3.299389 11.342069
v 4.756972 3.284600 11.376032
v 4.756972 3.299692 11.376599
v 4.756972 3.297329 11.315310
v 4.756972 3.284323 11.340955
v 4.756972 3.299389 11.342069
v 4.756972 3.230955 11.239731
v 4.756972 3.212579 11.235160
v 4.756972 3.210991 11.250463
v 4.756972 3.212579 11.235160
v 4.756972 3.189652 11.232578
v 4.756972 3.210991 11.250463
v 4.756972 3.193440 11.218192
v 4.756972 3.157574 11.217210
v 4.756972 3.189652 11.232578
v 4.756972 3.160559 11.202457
v 4.756972 3.129318 11.210000
v 4.756972 3.157574 11.217210
v 4.756972 3.105294 11.206749
v 4.756972 3.129318 11.210000
v 4.756972 3.129893 11.194934
v 4.756972 3.105294 11.206749
v 4.756972 3.095436 11.231338
v 4.756972 3.113756 11.219303
v 4.756972 3.079869 11.228208
v 4.756972 3.090522 11.250077
v 4.756972 3.091779 11.232369
v 4.756972 3.081935 11.279603
v 4.756972 3.090522 11.250077
v 4.756972 3.075336 11.250717
v 4.756972 3.083973 11.303082
v 4.756972 3.096997 11.278401
v 4.756972 3.081935 11.279603
v 4.756972 3.097751 11.329200
v 4.756972 3.099096 11.302580
v 4.756972 3.082633 11.329430
v 4.756972 3.097182 11.353065
v 4.756972 3.091753 11.381314
v 4.756972 3.097182 11.353065
v 4.756972 3.082112 11.354318
v 4.756972 3.104836 11.411685
v 4.756972 3.106511 11.378990
v 4.756972 3.091753 11.381314
v 4.756972 3.110964 11.425469
v 4.756972 3.119512 11.409164
v 4.756972 3.104836 11.411685
v 4.756972 3.123311 11.446495
v 4.756972 3.125586 11.422742
v 4.756972 3.110964 11.425469
v 4.756972 3.133123 11.458529
v 4.756972 3.134135 11.442499
v 4.756972 3.123311 11.446495
v 4.780251 3.552485 11.232275
v 4.756972 3.503713 11.250917
v 4.780251 3.503713 11.250917
v 4.756972 3.090151 11.482994
v 4.780251 3.083231 11.467293
v 4.780251 3.090151 11.482994
v 4.756972 3.099096 11.302580
v 4.780251 3.097751 11.329200
v 4.780251 3.099096 11.302580
v 4.780251 3.497892 11.236951
v 4.756972 3.547232 11.218110
v 4.780251 3.547232 11.218110
v 4.756972 3.083231 11.467293
v 4.780251 3.088301 11.425968
v 4.780251 3.083231 11.467293
v 4.756972 3.082633 11.329430
v 4.780251 3.083973 11.303082
v 4.780251 3.082633 11.329430
v 4.756972 3.793212 11.274715
v 4.780251 3.803211 11.263182
v 4.780251 3.793212 11.274715
v 4.756972 3.088301 11.425968
v 4.780251 3.099937 11.416854
v 4.780251 3.088301 11.425968
v 4.756972 3.099937 11.416854
v 4.780251 3.113778 11.414678
v 4.780251 3.099937 11.416854
v 4.756972 3.097751 11.329200
v 4.780251 3.097182 11.353065
v 4.780251 3.097751 11.329200
v 4.756972 3.812315 11.293715
v 4.780251 3.793212 11.274715
v 4.780251 3.812315 11.293715
v 4.756972 3.113778 11.414678
v 4.780251 3.125815 11.432444
v 4.780251 3.113778 11.414678
v 4.756972 3.082112 11.354318
v 4.780251 3.082633 11.329430
v 4.780251 3.082112 11.354318
v 4.756972 3.803211 11.263182
v 4.780251 3.826894 11.289667
v 4.780251 3.803211 11.263182
v 4.756972 3.125815 11.432444
v 4.780251 3.130650 11.445883
v 4.780251 3.125815 11.432444
v 4.756972 3.130650 11.445883
v 4.780251 3.144426 11.446054
v 4.780251 3.130650 11.445883
v 4.756972 3.097182 11.353065
v 4.780251 3.106511 11.378990
v 4.780251 3.097182 11.353065
v 4.756972 3.826894 11.289667
v 4.780251 3.827621 11.314567
v 4.780251 3.826894 11.289667
v 4.756972 3.144426 11.446054
v 4.780251 3.146876 11.457060
v 4.780251 3.144426 11.446054
v 4.756972 3.091753 11.381314
v 4.780251 3.082112 11.354318
v 4.780251 3.091753 11.381314
v 4.756972 3.812729 11.316076
v 4.780251 3.812315 11.293715
v 4.780251 3.812729 11.316076
v 4.756972 3.176373 11.308277
v 4.780251 3.169558 11.319351
v 4.780251 3.176373 11.308277
v 4.756972 3.169558 11.319351
v 4.780251 3.155796 11.330613
v 4.780251 3.169558 11.319351
v 4.756972 3.106511 11.378990
v 4.780251 3.119512 11.409164
v 4.780251 3.106511 11.378990
v 4.756972 3.827621 11.314567
v 4.780251 3.820387 11.348041
v 4.780251 3.827621 11.314567
v 4.756972 3.155796 11.330613
v 4.780251 3.139787 11.326859
v 4.780251 3.155796 11.330613
v 4.756972 3.104836 11.411685
v 4.780251 3.091753 11.381314
v 4.780251 3.104836 11.411685
v 4.756972 3.806334 11.342360
v 4.780251 3.812729 11.316076
v 4.780251 3.806334 11.342360
v 4.756972 3.139787 11.326859
v 4.780251 3.135888 11.313357
v 4.780251 3.139787 11.326859
v 4.756972 3.135888 11.313357
v 4.780251 3.134991 11.297965
v 4.780251 3.135888 11.313357
v 4.756972 3.119512 11.409164
v 4.780251 3.125586 11.422742
v 4.780251 3.119512 11.409164
v 4.756972 3.820387 11.348041
v 4.780251 3.799442 11.382149
v 4.780251 3.820387 11.348041
v 4.756972 3.134991 11.297965
v 4.780251 3.141704 11.280229
v 4.780251 3.134991 11.297965
v 4.756972 3.110964 11.425469
v 4.780251 3.104836 11.411685
v 4.780251 3.110964 11.425469
v 4.756972 3.788528 11.371922
v 4.780251 3.806334 11.342360
v 4.780251 3.788528 11.371922
v 4.756972 3.141704 11.280229
v 4.780251 3.151311 11.269855
v 4.780251 3.141704 11.280229
v 4.756972 3.151311 11.269855
v 4.780251 3.165650 11.270098
v 4.780251 3.151311 11.269855
v 4.756972 3.125586 11.422742
v 4.780251 3.134135 11.442499
v 4.780251 3.125586 11.422742
v 4.780251 3.799442 11.382149
v 4.756972 3.766491 11.435637
v 4.780251 3.766491 11.435637
v 4.756972 3.165650 11.270098
v 4.780251 3.179878 11.280953
v 4.780251 3.165650 11.270098
v 4.756972 3.123311 11.446495
v 4.780251 3.110964 11.425469
v 4.780251 3.123311 11.446495
v 4.756972 3.755660 11.425070
v 4.780251 3.788528 11.371922
v 4.780251 3.755660 11.425070
v 4.756972 3.179878 11.280953
v 4.780251 3.179868 11.294800
v 4.780251 3.179878 11.280953
v 4.756972 3.158668 11.450437
v 4.780251 3.133123 11.458529
v 4.780251 3.158668 11.450437
v 4.756972 3.179868 11.294800
v 4.780251 3.178389 11.302655
v 4.780251 3.179868 11.294800
v 4.780251 3.134135 11.442499
v 4.756972 3.158668 11.450437
v 4.780251 3.158668 11.450437
v 4.780251 3.766491 11.435637
v 4.756972 3.720357 11.473803
v 4.780251 3.720357 11.473803
v 4.756972 3.178389 11.302655
v 4.780251 3.176373 11.308277
v 4.780251 3.178389 11.302655
v 4.756972 3.133123 11.458529
v 4.780251 3.123311 11.446495
v 4.780251 3.133123 11.458529
v 4.756972 3.710676 11.462259
v 4.780251 3.755660 11.425070
v 4.780251 3.710676 11.462259
v 4.756972 3.100604 11.217104
v 4.780251 3.108275 11.222610
v 4.780251 3.100604 11.217104
v 4.756972 3.108274 11.222610
v 4.780251 3.115244 11.228355
v 4.780251 3.108275 11.222610
v 4.780251 3.720357 11.473803
v 4.756972 3.661817 11.501859
v 4.780251 3.661817 11.501859
v 4.756972 3.115244 11.228355
v 4.780251 3.118021 11.236009
v 4.780251 3.115244 11.228355
v 4.756972 3.655537 11.488093
v 4.780251 3.710676 11.462259
v 4.780251 3.655537 11.488093
v 4.756972 3.118021 11.236009
v 4.780251 3.108920 11.240299
v 4.780251 3.118021 11.236009
v 4.756972 3.108920 11.240299
v 4.780251 3.102331 11.237734
v 4.780251 3.108920 11.240299
v 4.780251 3.661817 11.501859
v 4.756972 3.612674 11.520410
v 4.780251 3.612674 11.520410
v 4.756972 3.102331 11.237734
v 4.780251 3.093601 11.237174
v 4.780251 3.102331 11.237734
v 4.756972 3.606941 11.506448
v 4.780251 3.655537 11.488093
v 4.780251 3.606941 11.506448
v 4.756972 3.093601 11.237174
v 4.780251 3.087224 11.239120
v 4.780251 3.093601 11.237174
v 4.756972 3.087224 11.239120
v 4.780251 3.079685 11.241508
v 4.780251 3.087224 11.239120
v 4.780251 3.612674 11.520410
v 4.756972 3.534626 11.538120
v 4.780251 3.534626 11.538120
v 4.756972 3.079685 11.241508
v 4.780251 3.078177 11.231564
v 4.780251 3.079685 11.241508
v 4.756972 3.529673 11.523987
v 4.780251 3.606941 11.506448
v 4.780251 3.529673 11.523987
v 4.756972 3.078177 11.231564
v 4.780251 3.083455 11.224276
v 4.780251 3.078177 11.231564
v 4.756972 3.457680 11.542643
v 4.780251 3.451289 11.528595
v 4.780251 3.457680 11.542643
v 4.756972 3.083455 11.224276
v 4.780251 3.088848 11.217632
v 4.780251 3.083455 11.224276
v 4.780251 3.534626 11.538120
v 4.756972 3.457680 11.542643
v 4.780251 3.457680 11.542643
v 4.756972 3.088848 11.217632
v 4.780251 3.096426 11.217401
v 4.780251 3.088848 11.217632
v 4.756972 3.451289 11.528595
v 4.780251 3.529673 11.523987
v 4.780251 3.451289 11.528595
v 4.756972 3.096426 11.217401
v 4.780251 3.100604 11.217104
v 4.780251 3.096426 11.217401
v 4.780251 3.355842 11.569985
v 4.756972 3.332257 11.573861
v 4.780251 3.332257 11.573861
v 4.756972 3.807013 11.273205
v 4.780251 3.816353 11.282276
v 4.780251 3.807013 11.273205
v 4.756972 3.809810 11.259592
v 4.780251 3.807013 11.273205
v 4.780251 3.809810 11.259592
v 4.756972 3.297866 11.547607
v 4.780251 3.355842 11.569985
v 4.780251 3.297866 11.547607
v 4.756972 3.805686 11.247522
v 4.780251 3.809810 11.259592
v 4.780251 3.805686 11.247522
v 4.756972 3.332257 11.573861
v 4.780251 3.291683 11.561232
v 4.780251 3.332257 11.573861
v 4.756972 3.797807 11.243410
v 4.780251 3.805686 11.247522
v 4.780251 3.797807 11.243410
v 4.780251 3.183735 11.020276
v 4.756972 3.202782 11.031466
v 4.780251 3.202782 11.031466
v 4.756972 3.797415 11.227430
v 4.780251 3.797807 11.243410
v 4.780251 3.797415 11.227430
v 4.780251 3.202782 11.031466
v 4.756972 3.213010 11.040987
v 4.780251 3.213010 11.040987
v 4.756972 3.291683 11.561232
v 4.780251 3.254647 11.543038
v 4.780251 3.291683 11.561232
v 4.756972 3.803610 11.206215
v 4.780251 3.797415 11.227430
v 4.780251 3.803610 11.206215
v 4.756972 3.213010 11.040987
v 4.780251 3.218831 11.041419
v 4.780251 3.213010 11.040987
v 4.756972 3.262588 11.530168
v 4.780251 3.297866 11.547607
v 4.780251 3.262588 11.530168
v 4.756972 3.811332 11.199829
v 4.780251 3.803610 11.206215
v 4.780251 3.811332 11.199829
v 4.780251 3.218831 11.041419
v 4.756972 3.256151 11.068250
v 4.780251 3.256151 11.068250
v 4.756972 3.814219 11.183212
v 4.780251 3.811332 11.199829
v 4.780251 3.814219 11.183212
v 4.780251 3.256151 11.068250
v 4.756972 3.356941 11.198870
v 4.780251 3.356941 11.198870
v 4.756972 3.254647 11.543038
v 4.780251 3.200072 11.507699
v 4.780251 3.254647 11.543038
v 4.756972 3.822101 11.174212
v 4.780251 3.814219 11.183212
v 4.780251 3.822101 11.174212
v 4.756972 3.181544 11.021881
v 4.780251 3.183735 11.020276
v 4.780251 3.181544 11.021881
v 4.756972 3.208498 11.495138
v 4.780251 3.262588 11.530168
v 4.780251 3.208498 11.495138
v 4.756972 3.819827 11.158516
v 4.780251 3.822101 11.174212
v 4.780251 3.819827 11.158516
v 4.756972 3.162238 11.012095
v 4.780251 3.181544 11.021881
v 4.780251 3.162238 11.012095
v 4.756972 3.821369 11.143847
v 4.780251 3.819827 11.158516
v 4.780251 3.821369 11.143847
v 4.780251 3.159559 11.023249
v 4.756972 3.162238 11.012095
v 4.780251 3.162238 11.012095
v 4.756972 3.200072 11.507699
v 4.780251 3.166324 11.480567
v 4.780251 3.200072 11.507699
v 4.756972 3.847248 11.109460
v 4.780251 3.821369 11.143847
v 4.780251 3.847248 11.109460
v 4.780251 3.147375 11.018579
v 4.756972 3.159559 11.023249
v 4.780251 3.159559 11.023249
v 4.756972 3.175033 11.468233
v 4.780251 3.208498 11.495138
v 4.780251 3.175033 11.468233
v 4.756972 3.849758 11.084470
v 4.780251 3.847248 11.109460
v 4.780251 3.849758 11.084470
v 4.756972 3.144212 11.038114
v 4.780251 3.147375 11.018579
v 4.780251 3.144212 11.038114
v 4.756972 3.134815 11.453321
v 4.780251 3.150177 11.446426
v 4.780251 3.134815 11.453321
v 4.756972 3.840716 11.064440
v 4.780251 3.849758 11.084470
v 4.780251 3.840716 11.064440
v 4.756972 3.164216 11.082310
v 4.780251 3.144212 11.038114
v 4.780251 3.164216 11.082310
v 4.756972 3.166324 11.480567
v 4.780251 3.134815 11.453321
v 4.780251 3.166324 11.480567
v 4.756972 3.825780 11.050535
v 4.780251 3.840716 11.064440
v 4.780251 3.825780 11.050535
v 4.756972 3.199431 11.107093
v 4.780251 3.164216 11.082310
v 4.780251 3.199431 11.107093
v 4.756972 3.150177 11.446426
v 4.780251 3.175033 11.468233
v 4.780251 3.150177 11.446426
v 4.756972 3.803008 11.033178
v 4.780251 3.825780 11.050535
v 4.780251 3.803008 11.033178
v 4.756972 3.216580 11.240528
v 4.780251 3.199431 11.107093
v 4.780251 3.216580 11.240528
v 4.756972 3.206350 11.456359
v 4.780251 3.209975 11.471102
v 4.780251 3.206350 11.456359
v 4.756972 3.790756 11.027665
v 4.780251 3.803008 11.033178
v 4.780251 3.790757 11.027665
v 4.756972 3.356941 11.198870
v 4.780251 3.358949 11.181435
v 4.780251 3.356941 11.198870
v 4.756972 3.786913 11.030106
v 4.780251 3.790757 11.027665
v 4.780251 3.786913 11.030106
v 4.756972 3.358949 11.181435
v 4.780251 3.373270 11.158534
v 4.780251 3.358949 11.181435
v 4.756972 3.193238 11.458961
v 4.780251 3.206350 11.456359
v 4.780251 3.193238 11.458961
v 4.756972 3.785510 11.029904
v 4.780251 3.786913 11.030106
v 4.780251 3.785510 11.029904
v 4.756972 3.373270 11.158534
v 4.780251 3.394693 11.143935
v 4.780251 3.373270 11.158534
v 4.756972 3.209974 11.471102
v 4.780251 3.192800 11.474078
v 4.780251 3.209975 11.471102
v 4.756972 3.782699 11.024703
v 4.780251 3.785510 11.029904
v 4.780251 3.782699 11.024703
v 4.756972 3.394693 11.143935
v 4.780251 3.440819 11.147548
v 4.780251 3.394693 11.143935
v 4.756972 3.770115 11.023791
v 4.780251 3.782699 11.024703
v 4.780251 3.770115 11.023791
v 4.756972 3.440819 11.147548
v 4.780251 3.460002 11.186955
v 4.780251 3.440819 11.147548
v 4.756972 3.192799 11.474078
v 4.780251 3.174355 11.471579
v 4.780251 3.192800 11.474078
v 4.756972 3.752809 11.020657
v 4.780251 3.770115 11.023791
v 4.780251 3.752809 11.020657
v 4.756972 3.460002 11.186955
v 4.780251 3.443327 11.196040
v 4.780251 3.460002 11.186955
v 4.756972 3.176543 11.456635
v 4.780251 3.193238 11.458961
v 4.780251 3.176543 11.456635
v 4.780251 3.747472 11.026266
v 4.756972 3.752809 11.020657
v 4.780251 3.752809 11.020657
v 4.756972 3.443327 11.196040
v 4.780251 3.436687 11.194140
v 4.780251 3.443327 11.196040
v 4.756972 3.146801 11.461231
v 4.780251 3.146380 11.445827
v 4.780251 3.146801 11.461231
v 4.756972 3.736585 11.022364
v 4.780251 3.747472 11.026266
v 4.780251 3.736585 11.022364
v 4.756972 3.436687 11.194140
v 4.780251 3.434975 11.201967
v 4.780251 3.436687 11.194140
v 4.756972 3.174355 11.471579
v 4.780251 3.146801 11.461231
v 4.780251 3.174355 11.471579
v 4.756972 3.722116 11.029154
v 4.780251 3.736585 11.022364
v 4.780251 3.722116 11.029154
v 4.756972 3.434975 11.201967
v 4.780251 3.439491 11.202731
v 4.780251 3.434975 11.201967
v 4.756972 3.146380 11.445827
v 4.780251 3.176543 11.456635
v 4.780251 3.146380 11.445827
v 4.756972 3.715477 11.041274
v 4.780251 3.722116 11.029154
v 4.780251 3.715477 11.041274
v 4.756972 3.439491 11.202731
v 4.780251 3.443232 11.226052
v 4.780251 3.439491 11.202731
v 4.756972 3.258947 11.429276
v 4.780251 3.246153 11.420704
v 4.780251 3.258947 11.429276
v 4.756972 3.729585 11.059754
v 4.780251 3.715477 11.041274
v 4.780251 3.729585 11.059754
v 4.780251 3.443232 11.226052
v 4.756972 3.476250 11.220343
v 4.780251 3.476250 11.220343
v 4.756972 3.733933 11.066914
v 4.780251 3.729585 11.059754
v 4.780251 3.733933 11.066914
v 4.780251 3.476250 11.220343
v 4.756972 3.510016 11.237959
v 4.780251 3.510016 11.237959
v 4.756972 3.246153 11.420704
v 4.780251 3.268239 11.405766
v 4.780251 3.246153 11.420704
v 4.780251 3.749006 11.068383
v 4.756972 3.733933 11.066914
v 4.780251 3.733933 11.066914
v 4.780251 3.510016 11.237959
v 4.756972 3.544230 11.271168
v 4.780251 3.544230 11.271168
v 4.756972 3.277601 11.417697
v 4.780251 3.258947 11.429276
v 4.780251 3.277601 11.417697
v 4.780251 3.751113 11.070233
v 4.756972 3.749006 11.068383
v 4.780251 3.749006 11.068383
v 4.780251 3.544230 11.271168
v 4.756972 3.566833 11.300817
v 4.780251 3.566833 11.300817
v 4.756972 3.748012 11.078672
v 4.780251 3.751113 11.070233
v 4.780251 3.748012 11.078672
v 4.780251 3.566833 11.300817
v 4.756972 3.554584 11.415038
v 4.780251 3.554584 11.415038
v 4.756972 3.268239 11.405766
v 4.780251 3.279315 11.396334
v 4.780251 3.268239 11.405766
v 4.780251 3.744386 11.080882
v 4.756972 3.748012 11.078672
v 4.780251 3.748012 11.078672
v 4.756972 3.554584 11.415038
v 4.780251 3.516258 11.472880
v 4.780251 3.554584 11.415038
v 4.756972 3.292702 11.403429
v 4.780251 3.277601 11.417697
v 4.780251 3.292702 11.403429
v 4.756972 3.735669 11.080754
v 4.780251 3.744386 11.080882
v 4.780251 3.735669 11.080754
v 4.756972 3.516258 11.472880
v 4.780251 3.498447 11.506633
v 4.780251 3.516258 11.472880
v 4.756972 3.723715 11.089589
v 4.780251 3.735669 11.080754
v 4.780251 3.723715 11.089589
v 4.756972 3.498447 11.506633
v 4.780251 3.460418 11.544172
v 4.780251 3.498447 11.506633
v 4.756972 3.279315 11.396334
v 4.780251 3.284600 11.376032
v 4.780251 3.279315 11.396334
v 4.756972 3.721271 11.095903
v 4.780251 3.723715 11.089589
v 4.780251 3.721271 11.095903
v 4.756972 3.460418 11.544172
v 4.780251 3.416328 11.569554
v 4.780251 3.460418 11.544172
v 4.756972 3.299692 11.376599
v 4.780251 3.292702 11.403429
v 4.780251 3.299692 11.376599
v 4.756972 3.715028 11.098666
v 4.780251 3.721271 11.095903
v 4.780251 3.715028 11.098666
v 4.756972 3.416328 11.569554
v 4.780251 3.377250 11.580260
v 4.780251 3.416328 11.569554
v 4.756972 3.665097 11.095057
v 4.780251 3.715028 11.098666
v 4.780251 3.665097 11.095057
v 4.756972 3.377250 11.580260
v 4.780251 3.352131 11.579835
v 4.780251 3.377250 11.580260
v 4.756972 3.284600 11.376032
v 4.780251 3.284323 11.340955
v 4.780251 3.284600 11.376032
v 4.756972 3.655088 11.100094
v 4.780251 3.665097 11.095057
v 4.780251 3.655088 11.100094
v 4.756972 3.352131 11.579835
v 4.780251 3.320483 11.570085
v 4.780251 3.352131 11.579835
v 4.756972 3.299389 11.342069
v 4.780251 3.299692 11.376599
v 4.780251 3.299389 11.342069
v 4.756972 3.638204 11.097160
v 4.780251 3.655088 11.100094
v 4.780251 3.638204 11.097160
v 4.756972 3.320483 11.570085
v 4.780251 3.356739 11.562316
v 4.780251 3.320483 11.570085
v 4.756972 3.283844 11.306982
v 4.780251 3.297329 11.315310
v 4.780251 3.283844 11.306982
v 4.756972 3.631280 11.104097
v 4.780251 3.638204 11.097160
v 4.780251 3.631280 11.104097
v 4.756972 3.356739 11.562316
v 4.780251 3.382756 11.540940
v 4.780251 3.356739 11.562316
v 4.756972 3.284323 11.340955
v 4.780251 3.283844 11.306982
v 4.780251 3.284323 11.340955
v 4.756972 3.607345 11.110248
v 4.780251 3.631280 11.104097
v 4.780251 3.607345 11.110248
v 4.756972 3.382756 11.540940
v 4.780251 3.386790 11.489381
v 4.780251 3.382756 11.540940
v 4.756972 3.297329 11.315310
v 4.780251 3.299389 11.342069
v 4.780251 3.297329 11.315310
v 4.756972 3.600433 11.116973
v 4.780251 3.607345 11.110248
v 4.780251 3.600433 11.116973
v 4.756972 3.386790 11.489381
v 4.780251 3.376559 11.431284
v 4.780251 3.386790 11.489381
v 4.756972 3.222190 11.226951
v 4.780251 3.230955 11.239731
v 4.780251 3.222190 11.226951
v 4.756972 3.592807 11.125391
v 4.780251 3.600433 11.116973
v 4.780251 3.592807 11.125391
v 4.756972 3.376559 11.431284
v 4.780251 3.353963 11.387393
v 4.780251 3.376559 11.431284
v 4.756972 3.589078 11.138654
v 4.780251 3.592807 11.125391
v 4.780251 3.589078 11.138654
v 4.756972 3.353963 11.387393
v 4.780251 3.330076 11.356602
v 4.780251 3.353963 11.387393
v 4.756972 3.212579 11.235160
v 4.780251 3.222190 11.226951
v 4.780251 3.212579 11.235160
v 4.780251 3.592427 11.154726
v 4.756972 3.589078 11.138654
v 4.780251 3.589078 11.138654
v 4.756972 3.330076 11.356602
v 4.780251 3.298408 11.333695
v 4.780251 3.330076 11.356602
v 4.780251 3.230955 11.239731
v 4.756972 3.210991 11.250463
v 4.780251 3.210991 11.250463
v 4.756972 3.601218 11.159343
v 4.780251 3.592427 11.154726
v 4.780251 3.601218 11.159343
v 4.756972 3.298408 11.333695
v 4.780251 3.281904 11.321330
v 4.780251 3.298408 11.333695
v 4.780251 3.605519 11.166645
v 4.756972 3.601218 11.159343
v 4.780251 3.601218 11.159343
v 4.756972 3.281904 11.321330
v 4.780251 3.276525 11.284928
v 4.780251 3.281904 11.321330
v 4.756972 3.210991 11.250463
v 4.780251 3.189652 11.232578
v 4.780251 3.210991 11.250463
v 4.780251 3.629112 11.170318
v 4.756972 3.605520 11.166645
v 4.780251 3.605519 11.166645
v 4.756972 3.276525 11.284928
v 4.780251 3.258561 11.260541
v 4.780251 3.276525 11.284928
v 4.756972 3.193440 11.218192
v 4.780251 3.212579 11.235160
v 4.780251 3.193440 11.218191
v 4.756972 3.627445 11.173824
v 4.780251 3.629112 11.170318
v 4.780251 3.627445 11.173824
v 4.756972 3.258561 11.260541
v 4.780251 3.239353 11.246708
v 4.780251 3.258561 11.260541
v 4.756972 3.608788 11.213515
v 4.780251 3.627445 11.173824
v 4.780251 3.608788 11.213515
v 4.756972 3.239352 11.246708
v 4.780251 3.224800 11.242835
v 4.780251 3.239353 11.246708
v 4.756972 3.189652 11.232578
v 4.780251 3.157574 11.217210
v 4.780251 3.189652 11.232578
v 4.756972 3.605357 11.233649
v 4.780251 3.608788 11.213515
v 4.780251 3.605357 11.233649
v 4.756972 3.224800 11.242835
v 4.780251 3.216580 11.240528
v 4.780251 3.224800 11.242835
v 4.756972 3.160559 11.202457
v 4.780251 3.193440 11.218191
v 4.780251 3.160559 11.202457
v 4.780251 3.607297 11.255585
v 4.756972 3.605357 11.233649
v 4.780251 3.605357 11.233649
v 4.756972 3.244218 11.396431
v 4.780251 3.258492 11.399871
v 4.780251 3.244218 11.396431
v 4.780251 3.613558 11.280939
v 4.756972 3.607297 11.255585
v 4.780251 3.607297 11.255585
v 4.756972 3.258492 11.399871
v 4.780251 3.252981 11.415419
v 4.780251 3.258492 11.399871
v 4.756972 3.157574 11.217210
v 4.780251 3.129318 11.210000
v 4.780251 3.157574 11.217210
v 4.756972 3.637174 11.303764
v 4.780251 3.613558 11.280939
v 4.780251 3.637174 11.303764
v 4.756972 3.252981 11.415419
v 4.780251 3.275059 11.428801
v 4.780251 3.252981 11.415419
v 4.756972 3.129893 11.194934
v 4.780251 3.160559 11.202457
v 4.780251 3.129893 11.194934
v 4.780251 3.664567 11.323100
v 4.756972 3.637174 11.303764
v 4.780251 3.637174 11.303764
v 4.756972 3.275059 11.428801
v 4.780251 3.280175 11.451921
v 4.780251 3.275059 11.428801
v 4.780251 3.703350 11.333405
v 4.756972 3.664567 11.323100
v 4.780251 3.664567 11.323100
v 4.756972 3.280175 11.451921
v 4.780251 3.269209 11.474581
v 4.780251 3.280175 11.451921
v 4.756972 3.129318 11.210000
v 4.780251 3.113756 11.219303
v 4.780251 3.129318 11.210000
v 4.756972 3.753921 11.318594
v 4.780251 3.703350 11.333405
v 4.780251 3.753921 11.318594
v 4.780251 3.269209 11.474581
v 4.756972 3.250025 11.487661
v 4.780251 3.250025 11.487661
v 4.756972 3.105294 11.206749
v 4.780251 3.129893 11.194934
v 4.780251 3.105294 11.206749
v 4.756972 3.790207 11.294427
v 4.780251 3.753921 11.318594
v 4.780251 3.790207 11.294427
v 4.780251 3.250025 11.487661
v 4.756972 3.219846 11.487260
v 4.780251 3.219846 11.487260
v 4.756972 3.095436 11.231338
v 4.780251 3.086572 11.219071
v 4.780251 3.095436 11.231338
v 4.756972 3.802432 11.286824
v 4.780251 3.790207 11.294427
v 4.780251 3.802432 11.286824
v 4.756972 3.219846 11.487260
v 4.780251 3.200354 11.474015
v 4.780251 3.219846 11.487260
v 4.756972 3.113756 11.219303
v 4.780251 3.095436 11.231338
v 4.780251 3.113756 11.219303
v 4.756972 3.816353 11.282276
v 4.780251 3.802432 11.286824
v 4.780251 3.816353 11.282276
v 4.756972 3.200354 11.474015
v 4.780251 3.198279 11.452942
v 4.780251 3.200354 11.474015
v 4.756972 3.086572 11.219071
v 4.780251 3.105294 11.206749
v 4.780251 3.086572 11.219071
v 4.780251 3.617305 11.209465
v 4.756972 3.612294 11.223845
v 4.780251 3.612294 11.223845
v 4.756972 3.198279 11.452942
v 4.780251 3.192706 11.440798
v 4.780251 3.198279 11.452942
v 4.756972 3.079869 11.228208
v 4.780251 3.091779 11.232369
v 4.780251 3.079870 11.228208
v 4.756972 3.192706 11.440798
v 4.780251 3.190688 11.422756
v 4.780251 3.192706 11.440798
v 4.780251 3.612294 11.223845
v 4.756972 3.597563 11.222906
v 4.780251 3.597563 11.222906
v 4.756972 3.190688 11.422756
v 4.780251 3.212253 11.425378
v 4.780251 3.190688 11.422756
v 4.756972 3.075336 11.250717
v 4.780251 3.079870 11.228208
v 4.780251 3.075336 11.250717
v 4.756972 3.596967 11.207777
v 4.780251 3.617305 11.209465
v 4.780251 3.596967 11.207777
v 4.756972 3.212253 11.425378
v 4.780251 3.224355 11.429577
v 4.780251 3.212253 11.425378
v 4.756972 3.091779 11.232369
v 4.780251 3.090522 11.250077
v 4.780251 3.091779 11.232369
v 4.756972 3.224355 11.429577
v 4.780251 3.228666 11.413729
v 4.780251 3.224355 11.429577
v 4.780251 3.597563 11.222906
v 4.756972 3.580004 11.227066
v 4.780251 3.580004 11.227066
v 4.756972 3.228666 11.413729
v 4.780251 3.238054 11.401047
v 4.780251 3.228666 11.413729
v 4.756972 3.090522 11.250077
v 4.780251 3.096997 11.278401
v 4.780251 3.090522 11.250077
v 4.756972 3.578121 11.212078
v 4.780251 3.596967 11.207777
v 4.780251 3.578121 11.212078
v 4.756972 3.238054 11.401047
v 4.780251 3.244218 11.396431
v 4.780251 3.238054 11.401047
v 4.756972 3.081935 11.279603
v 4.780251 3.075336 11.250717
v 4.780251 3.081935 11.279603
v 4.756972 3.146876 11.457060
v 4.780251 3.134552 11.460733
v 4.780251 3.146876 11.457060
v 4.780251 3.580004 11.227066
v 4.756972 3.552485 11.232275
v 4.780251 3.552485 11.232275
v 4.756972 3.134551 11.460733
v 4.780251 3.118418 11.473927
v 4.780251 3.134552 11.460733
v 4.756972 3.096997 11.278401
v 4.780251 3.099096 11.302580
v 4.780251 3.096997 11.278401
v 4.780251 3.547232 11.218110
v 4.756972 3.578121 11.212078
v 4.780251 3.578121 11.212078
v 4.756972 3.118418 11.473927
v 4.780251 3.105010 11.482959
v 4.780251 3.118418 11.473927
v 4.756972 3.083973 11.303082
v 4.780251 3.081935 11.279603
v 4.780251 3.083973 11.303082
v 4.756972 3.503713 11.250917
v 4.780251 3.497892 11.236951
v 4.780251 3.503713 11.250917
v 4.756972 3.105010 11.482959
v 4.780251 3.090151 11.482994
v 4.780251 3.105010 11.482959
v 4.759684 3.010214 11.161288
v 4.778032 3.010214 11.119076
v 4.759684 3.010214 11.119076
v 4.761796 2.965583 11.136090
v 4.775934 2.965583 11.150228
v 4.775934 2.965583 11.136090
v 4.775934 2.965583 11.150228
v 4.761796 2.965583 11.150228
v 4.761796 2.965583 11.136090
v 4.775934 2.965583 11.136090
v 4.768865 2.965583 11.133162
v 4.761796 4.034430 11.150228
v 4.775934 4.034430 11.150228
v 4.778862 4.034430 11.143159
v 4.768865 4.034430 11.133162
v 4.758868 4.034430 11.143159
v 4.761796 2.965583 11.150228
v 4.791708 3.523580 11.129978
v 4.768507 3.514016 11.176130
v 4.786265 3.518137 11.168502
v 4.786265 3.482620 11.118530
v 4.786265 3.482620 11.168502
v 4.791708 3.477176 11.157054
v 4.745305 3.477176 11.157054
v 4.750748 3.482620 11.118530
v 4.750748 3.482620 11.168502
v 4.750748 3.518137 11.168502
v 4.745305 3.523580 11.129978
v 4.754335 4.113163 11.189032
v 4.753181 4.145617 11.195971
v 4.753181 4.145616 11.140182
v 4.753181 4.145616 11.140182
v 4.753181 4.145617 11.084394
v 4.754335 4.113163 11.091332
v 4.754335 4.113163 11.091332
v 4.757691 4.054613 11.112748
v 4.760299 4.016544 11.100377
v 4.784204 4.145616 11.140182
v 4.784204 4.145617 11.195971
v 4.783050 4.113163 11.189032
v 4.783050 4.113163 11.189032
v 4.783050 4.113164 11.091332
v 4.784204 4.145616 11.140182
v 4.782147 4.077713 11.170323
v 4.779694 4.054613 11.112748
v 4.777085 4.016544 11.100377
v 4.777085 4.016544 11.179987
v 4.784204 4.145617 11.084394
v 4.755238 4.077713 11.110040
v 4.784204 4.145617 11.084394
v 4.753181 4.145617 11.084394
v 4.753181 4.145617 11.195971
v 4.777085 4.016544 11.179987
v 4.783050 4.113164 11.091332
v 4.759684 3.010214 11.119076
v 4.786053 2.945034 11.190597
v 4.759684 3.010214 11.119076
v 4.757594 2.793555 11.140182
v 4.786053 2.945034 11.190597
v 4.780251 3.244218 11.396431
v 4.780251 3.258492 11.399871
v 4.780251 3.252981 11.415419
v 4.780251 3.275059 11.428801
v 4.780251 3.280175 11.451921
v 4.780251 3.269209 11.474581
v 4.780251 3.250025 11.487661
v 4.780251 3.219846 11.487260
v 4.780251 3.200354 11.474015
v 4.780251 3.192706 11.440798
v 4.780251 3.192706 11.440798
v 4.780251 3.190688 11.422756
v 4.780251 3.212253 11.425378
v 4.780251 3.238054 11.401047
v 4.780251 3.224355 11.429577
v 4.780251 3.228666 11.413729
v 4.780251 3.252981 11.415419
v 4.780251 3.228666 11.413729
v 4.780251 3.183735 11.020276
v 4.780251 3.202782 11.031466
v 4.780251 3.181544 11.021881
v 4.780251 3.213010 11.040987
v 4.780251 3.164216 11.082310
v 4.780251 3.218831 11.041419
v 4.780251 3.199431 11.107093
v 4.780251 3.256151 11.068250
v 4.780251 3.356941 11.198870
v 4.780251 3.358949 11.181435
v 4.780251 3.434975 11.201967
v 4.780251 3.373270 11.158534
v 4.780251 3.436687 11.194140
v 4.780251 3.356941 11.198870
v 4.780251 3.159559 11.023249
v 4.780251 3.162238 11.012095
v 4.780251 3.144212 11.038114
v 4.780251 3.147375 11.018579
v 4.780251 3.224800 11.242835
v 4.780251 3.216580 11.240528
v 4.780251 3.239353 11.246708
v 4.780251 3.394693 11.143935
v 4.780251 3.258561 11.260541
v 4.780251 3.239353 11.246708
v 4.780251 3.356941 11.198870
v 4.780251 3.199431 11.107093
v 4.780251 3.440819 11.147548
v 4.780251 3.460002 11.186955
v 4.780251 3.443327 11.196040
v 4.780251 3.434975 11.201967
v 4.780251 3.439491 11.202731
v 4.780251 3.443232 11.226052
v 4.780251 3.276525 11.284928
v 4.780251 3.298408 11.333695
v 4.780251 3.281904 11.321330
v 4.780251 3.330076 11.356602
v 4.780251 3.298408 11.333695
v 4.780251 3.298408 11.333695
v 4.780251 3.276525 11.284928
v 4.780251 3.356941 11.198870
v 4.780251 3.443232 11.226052
v 4.780251 3.476250 11.220343
v 4.780251 3.510016 11.237959
v 4.780251 3.353963 11.387393
v 4.780251 3.544230 11.271168
v 4.780251 3.566833 11.300817
v 4.780251 3.554584 11.415038
v 4.780251 3.516258 11.472880
v 4.780251 3.498447 11.506633
v 4.780251 3.376559 11.431284
v 4.780251 3.416328 11.569554
v 4.780251 3.377250 11.580260
v 4.780251 3.352131 11.579835
v 4.780251 3.356739 11.562316
v 4.780251 3.320483 11.570085
v 4.780251 3.134552 11.460733
v 4.780251 3.105010 11.482959
v 4.780251 3.088301 11.425968
v 4.780251 3.090151 11.482994
v 4.780251 3.099937 11.416854
v 4.780251 3.125815 11.432444
v 4.780251 3.113778 11.414678
v 4.780251 3.144426 11.446054
v 4.780251 3.144426 11.446054
v 4.780251 3.146876 11.457060
v 4.780251 3.134552 11.460733
v 4.780251 3.176373 11.308277
v 4.780251 3.169558 11.319351
v 4.780251 3.134991 11.297965
v 4.780251 3.155796 11.330613
v 4.780251 3.135888 11.313357
v 4.780251 3.139787 11.326859
v 4.780251 3.178389 11.302655
v 4.780251 3.151311 11.269855
v 4.780251 3.165650 11.270098
v 4.780251 3.179878 11.280953
v 4.780251 3.179868 11.294800
v 4.780251 3.100604 11.217104
v 4.780251 3.108275 11.222610
v 4.780251 3.096426 11.217401
v 4.780251 3.108275 11.222610
v 4.780251 3.115244 11.228355
v 4.780251 3.102331 11.237734
v 4.780251 3.115244 11.228355
v 4.780251 3.118021 11.236009
v 4.780251 3.108920 11.240299
v 4.780251 3.115244 11.228355
v 4.780251 3.108920 11.240299
v 4.780251 3.102331 11.237734
v 4.780251 3.096426 11.217401
v 4.780251 3.083455 11.224276
v 4.780251 3.088848 11.217632
v 4.780251 3.079685 11.241508
v 4.780251 3.078177 11.231564
v 4.780251 3.087224 11.239120
v 4.780251 3.078177 11.231564
v 4.780251 3.083455 11.224276
v 4.780251 3.087224 11.239120
v 4.780251 3.083455 11.224276
v 4.780251 3.093601 11.237174
v 4.780251 3.807013 11.273205
v 4.780251 3.816353 11.282276
v 4.780251 3.802432 11.286824
v 4.780251 3.790207 11.294427
v 4.780251 3.753921 11.318594
v 4.780251 3.797807 11.243410
v 4.780251 3.703350 11.333405
v 4.780251 3.664567 11.323100
v 4.780251 3.807013 11.273205
v 4.780251 3.802432 11.286824
v 4.780251 3.805686 11.247522
v 4.780251 3.809810 11.259592
v 4.780251 3.807013 11.273205
v 4.780251 3.790207 11.294427
v 4.780251 3.797807 11.243410
v 4.780251 3.637174 11.303764
v 4.780251 3.613558 11.280939
v 4.780251 3.607297 11.255585
v 4.780251 3.607297 11.255585
v 4.780251 3.605357 11.233649
v 4.780251 3.608788 11.213515
v 4.780251 3.608788 11.213515
v 4.780251 3.627445 11.173824
v 4.780251 3.797415 11.227430
v 4.780251 3.629112 11.170318
v 4.780251 3.629112 11.170318
v 4.780251 3.605519 11.166645
v 4.780251 3.601218 11.159343
v 4.780251 3.601218 11.159343
v 4.780251 3.592427 11.154726
v 4.780251 3.589078 11.138654
v 4.780251 3.592807 11.125391
v 4.780251 3.600433 11.116973
v 4.780251 3.600433 11.116973
v 4.780251 3.607345 11.110248
v 4.780251 3.629112 11.170318
v 4.780251 3.607345 11.110248
v 4.780251 3.631280 11.104097
v 4.780251 3.638204 11.097160
v 4.780251 3.655088 11.100094
v 4.780251 3.665097 11.095057
v 4.780251 3.715028 11.098666
v 4.780251 3.721271 11.095903
v 4.780251 3.723715 11.089589
v 4.780251 3.744386 11.080882
v 4.780251 3.735669 11.080754
v 4.780251 3.821369 11.143847
v 4.780251 3.748012 11.078672
v 4.780251 3.608788 11.213515
v 4.780251 3.803610 11.206215
v 4.780251 3.814219 11.183212
v 4.780251 3.797415 11.227430
v 4.780251 3.637174 11.303764
v 4.780251 3.811332 11.199829
v 4.780251 3.819827 11.158516
v 4.780251 3.819827 11.158516
v 4.780251 3.822101 11.174212
v 4.780251 3.814219 11.183212
v 4.780251 3.751113 11.070233
v 4.780251 3.825780 11.050535
v 4.780251 3.847248 11.109460
v 4.780251 3.849758 11.084470
v 4.780251 3.840716 11.064440
v 4.780251 3.790757 11.027665
v 4.780251 3.803008 11.033178
v 4.780251 3.786913 11.030106
v 4.780251 3.733933 11.066914
v 4.780251 3.729585 11.059754
v 4.780251 3.749006 11.068383
v 4.780251 3.729585 11.059754
v 4.780251 3.747472 11.026266
v 4.780251 3.715477 11.041274
v 4.780251 3.722116 11.029154
v 4.780251 3.785510 11.029904
v 4.780251 3.782699 11.024703
v 4.780251 3.752809 11.020657
v 4.780251 3.770115 11.023791
v 4.780251 3.736585 11.022364
v 4.780251 3.612294 11.223845
v 4.780251 3.580004 11.227066
v 4.780251 3.803211 11.263182
v 4.780251 3.826894 11.289667
v 4.780251 3.812315 11.293715
v 4.780251 3.826894 11.289667
v 4.780251 3.827621 11.314567
v 4.780251 3.799442 11.382149
v 4.780251 3.766491 11.435637
v 4.780251 3.755660 11.425070
v 4.780251 3.720357 11.473803
v 4.780251 3.661817 11.501859
v 4.780251 3.612674 11.520410
v 4.780251 3.457680 11.542643
v 4.780251 3.332257 11.573861
v 4.780251 3.291683 11.561232
v 4.780251 3.297866 11.547607
v 4.780251 3.254647 11.543038
v 4.780251 3.262588 11.530168
v 4.780251 3.254647 11.543038
v 4.780251 3.200072 11.507699
v 4.780251 3.166324 11.480567
v 4.780251 3.134815 11.453321
v 4.780251 3.209975 11.471102
v 4.780251 3.192800 11.474078
v 4.780251 3.193238 11.458961
v 4.780251 3.174355 11.471579
v 4.780251 3.258947 11.429276
v 4.780251 3.246153 11.420704
v 4.780251 3.268239 11.405766
v 4.780251 3.279315 11.396334
v 4.780251 3.284600 11.376032
v 4.780251 3.284600 11.376032
v 4.780251 3.284323 11.340955
v 4.780251 3.283844 11.306982
v 4.780251 3.297329 11.315310
v 4.780251 3.230955 11.239731
v 4.780251 3.210991 11.250463
v 4.780251 3.189652 11.232578
v 4.780251 3.160559 11.202457
v 4.780251 3.157574 11.217210
v 4.780251 3.113756 11.219303
v 4.780251 3.105294 11.206749
v 4.780251 3.113756 11.219303
v 4.780251 3.095436 11.231338
v 4.780251 3.079870 11.228208
v 4.780251 3.090522 11.250077
v 4.780251 3.099096 11.302580
v 4.780251 3.097182 11.353065
v 4.780251 3.106511 11.378990
v 4.780251 3.119512 11.409164
v 4.780251 3.104836 11.411685
v 4.780251 3.119512 11.409164
v 4.780251 3.125586 11.422742
v 4.780251 3.134135 11.442499
v 4.780251 3.123311 11.446495
v 4.780251 3.134135 11.442499
v 4.780251 3.158668 11.450437
v 4.780251 3.133123 11.458529
v 4.756972 3.252981 11.415419
v 4.756972 3.258492 11.399871
v 4.756972 3.244218 11.396431
v 4.756972 3.238054 11.401047
v 4.756972 3.228666 11.413729
v 4.756972 3.212253 11.425378
v 4.756972 3.198279 11.452942
v 4.756972 3.190688 11.422756
v 4.756972 3.192706 11.440798
v 4.756972 3.228666 11.413729
v 4.756972 3.224355 11.429577
v 4.756972 3.252981 11.415419
v 4.756972 3.280175 11.451921
v 4.756972 3.275059 11.428801
v 4.756972 3.200354 11.474015
v 4.756972 3.269209 11.474581
v 4.756972 3.213010 11.040987
v 4.756972 3.202782 11.031466
v 4.756972 3.164216 11.082310
v 4.756972 3.183735 11.020276
v 4.756972 3.181544 11.021881
v 4.756972 3.162238 11.012095
v 4.756972 3.159559 11.023249
v 4.756972 3.256151 11.068250
v 4.756972 3.218831 11.041419
v 4.756972 3.199431 11.107093
v 4.756972 3.373270 11.158534
v 4.756972 3.358949 11.181435
v 4.756972 3.436687 11.194140
v 4.756972 3.358949 11.181435
v 4.756972 3.356941 11.198870
v 4.756972 3.434975 11.201967
v 4.756972 3.356941 11.198870
v 4.756972 3.144212 11.038114
v 4.756972 3.147375 11.018579
v 4.756972 3.199431 11.107093
v 4.756972 3.216580 11.240528
v 4.756972 3.224800 11.242835
v 4.756972 3.224800 11.242835
v 4.756972 3.239352 11.246708
v 4.756972 3.394693 11.143935
v 4.756972 3.434975 11.201967
v 4.756972 3.460002 11.186955
v 4.756972 3.440819 11.147548
v 4.756972 3.443327 11.196040
v 4.756972 3.443232 11.226052
v 4.756972 3.439491 11.202731
v 4.756972 3.434975 11.201967
v 4.756972 3.510016 11.237959
v 4.756972 3.476250 11.220343
v 4.756972 3.356941 11.198870
v 4.756972 3.199431 11.107093
v 4.756972 3.239352 11.246708
v 4.756972 3.258561 11.260541
v 4.756972 3.544230 11.271168
v 4.756972 3.276525 11.284928
v 4.756972 3.276525 11.284928
v 4.756972 3.281904 11.321330
v 4.756972 3.298408 11.333695
v 4.756972 3.356941 11.198870
v 4.756972 3.566833 11.300817
v 4.756972 3.554584 11.415038
v 4.756972 3.516258 11.472880
v 4.756972 3.376559 11.431284
v 4.756972 3.460418 11.544172
v 4.756972 3.498447 11.506633
v 4.756972 3.386790 11.489381
v 4.756972 3.377250 11.580260
v 4.756972 3.416328 11.569554
v 4.756972 3.382756 11.540940
v 4.756972 3.320483 11.570085
v 4.756972 3.352131 11.579835
v 4.756972 3.356739 11.562316
v 4.756972 3.298408 11.333695
v 4.756972 3.356739 11.562316
v 4.756972 3.134551 11.460733
v 4.756972 3.146876 11.457060
v 4.756972 3.144426 11.446054
v 4.756972 3.130650 11.445883
v 4.756972 3.125815 11.432444
v 4.756972 3.088301 11.425968
v 4.756972 3.113778 11.414678
v 4.756972 3.099937 11.416854
v 4.756972 3.134551 11.460733
v 4.756972 3.144426 11.446054
v 4.756972 3.105010 11.482959
v 4.756972 3.118418 11.473927
v 4.756972 3.083231 11.467293
v 4.756972 3.090151 11.482994
v 4.756972 3.155796 11.330613
v 4.756972 3.169558 11.319351
v 4.756972 3.135888 11.313357
v 4.756972 3.176373 11.308277
v 4.756972 3.134991 11.297965
v 4.756972 3.178389 11.302655
v 4.756972 3.179878 11.280953
v 4.756972 3.151311 11.269855
v 4.756972 3.139787 11.326859
v 4.756972 3.115244 11.228355
v 4.756972 3.108274 11.222610
v 4.756972 3.102331 11.237734
v 4.756972 3.108274 11.222610
v 4.756972 3.100604 11.217104
v 4.756972 3.096426 11.217401
v 4.756972 3.096426 11.217401
v 4.756972 3.096426 11.217401
v 4.756972 3.088848 11.217632
v 4.756972 3.083455 11.224276
v 4.756972 3.108920 11.240299
v 4.756972 3.118021 11.236009
v 4.756972 3.115244 11.228355
v 4.756972 3.108920 11.240299
v 4.756972 3.083455 11.224276
v 4.756972 3.093601 11.237174
v 4.756972 3.078177 11.231564
v 4.756972 3.087224 11.239120
v 4.756972 3.078177 11.231564
v 4.756972 3.079685 11.241508
v 4.756972 3.087224 11.239120
v 4.756972 3.807013 11.273205
v 4.756972 3.809810 11.259592
v 4.756972 3.797807 11.243410
v 4.756972 3.809810 11.259592
v 4.756972 3.805686 11.247522
v 4.756972 3.797807 11.243410
v 4.756972 3.802432 11.286824
v 4.756972 3.816353 11.282276
v 4.756972 3.807013 11.273205
v 4.756972 3.703350 11.333405
v 4.756972 3.753921 11.318594
v 4.756972 3.664567 11.323100
v 4.756972 3.790207 11.294427
v 4.756972 3.790207 11.294427
v 4.756972 3.802432 11.286824
v 4.756972 3.807013 11.273205
v 4.756972 3.613558 11.280939
v 4.756972 3.637174 11.303764
v 4.756972 3.607297 11.255585
v 4.756972 3.607297 11.255585
v 4.756972 3.608788 11.213515
v 4.756972 3.605357 11.233649
v 4.756972 3.627445 11.173824
v 4.756972 3.608788 11.213515
v 4.756972 3.797415 11.227430
v 4.756972 3.601218 11.159343
v 4.756972 3.605520 11.166645
v 4.756972 3.629112 11.170318
v 4.756972 3.797415 11.227430
v 4.756972 3.637174 11.303764
v 4.756972 3.592427 11.154726
v 4.756972 3.589078 11.138654
v 4.756972 3.600433 11.116973
v 4.756972 3.592807 11.125391
v 4.756972 3.607345 11.110248
v 4.756972 3.600433 11.116973
v 4.756972 3.629112 11.170318
v 4.756972 3.655088 11.100094
v 4.756972 3.638204 11.097160
v 4.756972 3.631280 11.104097
v 4.756972 3.607345 11.110248
v 4.756972 3.803610 11.206215
v 4.756972 3.811332 11.199829
v 4.756972 3.814219 11.183212
v 4.756972 3.715028 11.098666
v 4.756972 3.665097 11.095057
v 4.756972 3.814219 11.183212
v 4.756972 3.822101 11.174212
v 4.756972 3.819827 11.158516
v 4.756972 3.821369 11.143847
v 4.756972 3.847248 11.109460
v 4.756972 3.849758 11.084470
v 4.756972 3.840716 11.064440
v 4.756972 3.819827 11.158516
v 4.756972 3.721271 11.095903
v 4.756972 3.847248 11.109460
v 4.756972 3.840716 11.064440
v 4.756972 3.825780 11.050535
v 4.756972 3.735669 11.080754
v 4.756972 3.723715 11.089589
v 4.756972 3.744386 11.080882
v 4.756972 3.803008 11.033178
v 4.756972 3.790756 11.027665
v 4.756972 3.786913 11.030106
v 4.756972 3.785510 11.029904
v 4.756972 3.782699 11.024703
v 4.756972 3.770115 11.023791
v 4.756972 3.770115 11.023791
v 4.756972 3.752809 11.020657
v 4.756972 3.747472 11.026266
v 4.756972 3.736585 11.022364
v 4.756972 3.722116 11.029154
v 4.756972 3.715477 11.041274
v 4.756972 3.729585 11.059754
v 4.756972 3.733933 11.066914
v 4.756972 3.749006 11.068383
v 4.756972 3.749006 11.068383
v 4.756972 3.497892 11.236951
v 4.756972 3.803211 11.263182
v 4.756972 3.793212 11.274715
v 4.756972 3.812315 11.293715
v 4.756972 3.812729 11.316076
v 4.756972 3.812729 11.316076
v 4.756972 3.806334 11.342360
v 4.756972 3.820387 11.348041
v 4.756972 3.799442 11.382149
v 4.756972 3.755660 11.425070
v 4.756972 3.710676 11.462259
v 4.756972 3.655537 11.488093
v 4.756972 3.606941 11.506448
v 4.756972 3.529673 11.523987
v 4.756972 3.451289 11.528595
v 4.756972 3.457680 11.542643
v 4.756972 3.355842 11.569985
v 4.756972 3.262588 11.530168
v 4.756972 3.254647 11.543038
v 4.756972 3.291683 11.561232
v 4.756972 3.208498 11.495138
v 4.756972 3.150177 11.446426
v 4.756972 3.134815 11.453321
v 4.756972 3.166324 11.480567
v 4.756972 3.209974 11.471102
v 4.756972 3.206350 11.456359
v 4.756972 3.193238 11.458961
v 4.756972 3.193238 11.458961
v 4.756972 3.176543 11.456635
v 4.756972 3.146380 11.445827
v 4.756972 3.146801 11.461231
v 4.756972 3.258947 11.429276
v 4.756972 3.277601 11.417697
v 4.756972 3.284600 11.376032
v 4.756972 3.284600 11.376032
v 4.756972 3.297329 11.315310
v 4.756972 3.283844 11.306982
v 4.756972 3.284323 11.340955
v 4.756972 3.230955 11.239731
v 4.756972 3.222190 11.226951
v 4.756972 3.212579 11.235160
v 4.756972 3.212579 11.235160
v 4.756972 3.193440 11.218192
v 4.756972 3.160559 11.202457
v 4.756972 3.105294 11.206749
v 4.756972 3.113756 11.219303
v 4.756972 3.129318 11.210000
v 4.756972 3.105294 11.206749
v 4.756972 3.086572 11.219071
v 4.756972 3.095436 11.231338
v 4.756972 3.079869 11.228208
v 4.756972 3.075336 11.250717
v 4.756972 3.090522 11.250077
v 4.756972 3.090522 11.250077
v 4.756972 3.082633 11.329430
v 4.756972 3.097182 11.353065
v 4.756972 3.106511 11.378990
v 4.756972 3.119512 11.409164
v 4.756972 3.123311 11.446495
v 4.756972 3.134135 11.442499
v 4.756972 3.125586 11.422742
v 4.756972 3.133123 11.458529
v 4.756972 3.158668 11.450437
v 4.756972 3.134135 11.442499
v 4.756972 3.552485 11.232275
v 4.756972 3.083231 11.467293
v 4.756972 3.097751 11.329200
v 4.756972 3.497892 11.236951
v 4.756972 3.088301 11.425968
v 4.756972 3.083973 11.303082
v 4.756972 3.793212 11.274715
v 4.756972 3.803211 11.263182
v 4.780251 3.803211 11.263182
v 4.756972 3.099937 11.416854
v 4.756972 3.113778 11.414678
v 4.756972 3.097182 11.353065
v 4.756972 3.793212 11.274715
v 4.756972 3.125815 11.432444
v 4.756972 3.082633 11.329430
v 4.756972 3.826894 11.289667
v 4.756972 3.125815 11.432444
v 4.756972 3.130650 11.445883
v 4.780251 3.130650 11.445883
v 4.756972 3.130650 11.445883
v 4.756972 3.144426 11.446054
v 4.780251 3.144426 11.446054
v 4.756972 3.106511 11.378990
v 4.756972 3.827621 11.314567
v 4.756972 3.146876 11.457060
v 4.756972 3.091753 11.381314
v 4.756972 3.082112 11.354318
v 4.780251 3.082112 11.354318
v 4.756972 3.812315 11.293715
v 4.756972 3.169558 11.319351
v 4.756972 3.155796 11.330613
v 4.756972 3.119512 11.409164
v 4.756972 3.820387 11.348041
v 4.756972 3.139787 11.326859
v 4.756972 3.091753 11.381314
v 4.756972 3.812729 11.316076
v 4.756972 3.139787 11.326859
v 4.756972 3.135888 11.313357
v 4.780251 3.135888 11.313357
v 4.756972 3.134991 11.297965
v 4.756972 3.125586 11.422742
v 4.756972 3.799442 11.382149
v 4.756972 3.141704 11.280229
v 4.756972 3.104836 11.411685
v 4.756972 3.806334 11.342360
v 4.756972 3.151311 11.269855
v 4.756972 3.165650 11.270098
v 4.756972 3.134135 11.442499
v 4.756972 3.799442 11.382149
v 4.756972 3.179878 11.280953
v 4.756972 3.110964 11.425469
v 4.756972 3.788528 11.371922
v 4.756972 3.179868 11.294800
v 4.756972 3.133123 11.458529
v 4.756972 3.178389 11.302655
v 4.756972 3.134135 11.442499
v 4.756972 3.766491 11.435637
v 4.756972 3.176373 11.308277
v 4.756972 3.123311 11.446495
v 4.756972 3.755660 11.425070
v 4.756972 3.108274 11.222610
v 4.756972 3.115244 11.228355
v 4.756972 3.720357 11.473803
v 4.756972 3.115244 11.228355
v 4.756972 3.118021 11.236009
v 4.780251 3.118021 11.236009
v 4.756972 3.710676 11.462259
v 4.756972 3.118021 11.236009
v 4.756972 3.108920 11.240299
v 4.780251 3.108920 11.240299
v 4.756972 3.102331 11.237734
v 4.756972 3.661817 11.501859
v 4.756972 3.093601 11.237174
v 4.756972 3.655537 11.488093
v 4.756972 3.087224 11.239120
v 4.756972 3.079685 11.241508
v 4.756972 3.612674 11.520410
v 4.756972 3.078177 11.231564
v 4.756972 3.606941 11.506448
v 4.756972 3.083455 11.224276
v 4.756972 3.457680 11.542643
v 4.756972 3.451289 11.528595
v 4.780251 3.451289 11.528595
v 4.756972 3.088848 11.217632
v 4.756972 3.534626 11.538120
v 4.756972 3.096426 11.217401
v 4.756972 3.529673 11.523987
v 4.756972 3.100604 11.217104
v 4.756972 3.355842 11.569985
v 4.756972 3.807013 11.273205
v 4.756972 3.816353 11.282276
v 4.780251 3.816353 11.282276
v 4.756972 3.809810 11.259592
v 4.756972 3.807013 11.273205
v 4.780251 3.807013 11.273205
v 4.756972 3.355842 11.569985
v 4.756972 3.805686 11.247522
v 4.756972 3.809810 11.259592
v 4.780251 3.809810 11.259592
v 4.756972 3.291683 11.561232
v 4.756972 3.797807 11.243410
v 4.756972 3.805686 11.247522
v 4.780251 3.805686 11.247522
v 4.756972 3.183735 11.020276
v 4.756972 3.797807 11.243410
v 4.756972 3.202782 11.031466
v 4.756972 3.254647 11.543038
v 4.756972 3.797415 11.227430
v 4.756972 3.218831 11.041419
v 4.756972 3.297866 11.547607
v 4.756972 3.803610 11.206215
v 4.756972 3.218831 11.041419
v 4.756972 3.811332 11.199829
v 4.756972 3.256151 11.068250
v 4.756972 3.200072 11.507699
v 4.756972 3.814219 11.183212
v 4.756972 3.181544 11.021881
v 4.756972 3.183735 11.020276
v 4.780251 3.183735 11.020276
v 4.756972 3.262588 11.530168
v 4.756972 3.822101 11.174212
v 4.756972 3.162238 11.012095
v 4.756972 3.181544 11.021881
v 4.780251 3.181544 11.021881
v 4.756972 3.819827 11.158516
v 4.780251 3.159559 11.023249
v 4.756972 3.159559 11.023249
v 4.756972 3.162238 11.012095
v 4.756972 3.166324 11.480567
v 4.756972 3.821369 11.143847
v 4.780251 3.147375 11.018579
v 4.756972 3.147375 11.018579
v 4.756972 3.159559 11.023249
v 4.756972 3.208498 11.495138
v 4.756972 3.847248 11.109460
v 4.756972 3.147375 11.018579
v 4.756972 3.134815 11.453321
v 4.756972 3.150177 11.446426
v 4.780251 3.150177 11.446426
v 4.756972 3.849758 11.084470
v 4.756972 3.144212 11.038114
v 4.756972 3.134815 11.453321
v 4.756972 3.840716 11.064440
v 4.756972 3.164216 11.082310
v 4.756972 3.175033 11.468233
v 4.756972 3.825780 11.050535
v 4.756972 3.199431 11.107093
v 4.756972 3.206350 11.456359
v 4.756972 3.209974 11.471102
v 4.780251 3.209975 11.471102
v 4.756972 3.803008 11.033178
v 4.756972 3.358949 11.181435
v 4.756972 3.790756 11.027665
v 4.756972 3.373270 11.158534
v 4.756972 3.206350 11.456359
v 4.756972 3.786913 11.030106
v 4.756972 3.394693 11.143935
v 4.756972 3.192799 11.474078
v 4.756972 3.785510 11.029904
v 4.756972 3.440819 11.147548
v 4.756972 3.782699 11.024703
v 4.756972 3.460002 11.186955
v 4.756972 3.174355 11.471579
v 4.756972 3.770115 11.023791
v 4.756972 3.460002 11.186955
v 4.756972 3.443327 11.196040
v 4.780251 3.443327 11.196040
v 4.756972 3.193238 11.458961
v 4.780251 3.747472 11.026266
v 4.756972 3.747472 11.026266
v 4.756972 3.752809 11.020657
v 4.756972 3.443327 11.196040
v 4.756972 3.436687 11.194140
v 4.780251 3.436687 11.194140
v 4.756972 3.146801 11.461231
v 4.756972 3.146380 11.445827
v 4.780251 3.146380 11.445827
v 4.756972 3.736585 11.022364
v 4.756972 3.747472 11.026266
v 4.780251 3.747472 11.026266
v 4.756972 3.436687 11.194140
v 4.756972 3.434975 11.201967
v 4.780251 3.434975 11.201967
v 4.756972 3.146801 11.461231
v 4.756972 3.736585 11.022364
v 4.756972 3.434975 11.201967
v 4.756972 3.439491 11.202731
v 4.780251 3.439491 11.202731
v 4.756972 3.176543 11.456635
v 4.756972 3.722116 11.029154
v 4.756972 3.439491 11.202731
v 4.756972 3.443232 11.226052
v 4.780251 3.443232 11.226052
v 4.756972 3.258947 11.429276
v 4.756972 3.246153 11.420704
v 4.780251 3.246153 11.420704
v 4.756972 3.715477 11.041274
v 4.756972 3.443232 11.226052
v 4.756972 3.729585 11.059754
v 4.756972 3.476250 11.220343
v 4.756972 3.268239 11.405766
v 4.756972 3.749006 11.068383
v 4.756972 3.510016 11.237959
v 4.756972 3.258947 11.429276
v 4.756972 3.751113 11.070233
v 4.780251 3.544230 11.271168
v 4.756972 3.544230 11.271168
v 4.756972 3.566833 11.300817
v 4.756972 3.748012 11.078672
v 4.756972 3.751113 11.070233
v 4.780251 3.751113 11.070233
v 4.756972 3.566833 11.300817
v 4.756972 3.279315 11.396334
v 4.780251 3.744386 11.080882
v 4.756972 3.744386 11.080882
v 4.756972 3.748012 11.078672
v 4.756972 3.516258 11.472880
v 4.756972 3.277601 11.417697
v 4.756972 3.735669 11.080754
v 4.756972 3.744386 11.080882
v 4.780251 3.744386 11.080882
v 4.756972 3.498447 11.506633
v 4.756972 3.735669 11.080754
v 4.756972 3.460418 11.544172
v 4.756972 3.284600 11.376032
v 4.756972 3.723715 11.089589
v 4.756972 3.416328 11.569554
v 4.756972 3.292702 11.403429
v 4.756972 3.721271 11.095903
v 4.756972 3.377250 11.580260
v 4.756972 3.715028 11.098666
v 4.756972 3.352131 11.579835
v 4.756972 3.284323 11.340955
v 4.756972 3.655088 11.100094
v 4.756972 3.665097 11.095057
v 4.780251 3.665097 11.095057
v 4.756972 3.320483 11.570085
v 4.756972 3.299692 11.376599
v 4.756972 3.638204 11.097160
v 4.756972 3.655088 11.100094
v 4.780251 3.655088 11.100094
v 4.756972 3.320483 11.570085
v 4.756972 3.356739 11.562316
v 4.780251 3.356739 11.562316
v 4.756972 3.297329 11.315310
v 4.756972 3.631280 11.104097
v 4.756972 3.638204 11.097160
v 4.780251 3.638204 11.097160
v 4.756972 3.382756 11.540940
v 4.756972 3.283844 11.306982
v 4.756972 3.607345 11.110248
v 4.756972 3.631280 11.104097
v 4.780251 3.631280 11.104097
v 4.756972 3.386790 11.489381
v 4.756972 3.299389 11.342069
v 4.756972 3.607345 11.110248
v 4.756972 3.376559 11.431284
v 4.756972 3.222190 11.226951
v 4.756972 3.230955 11.239731
v 4.780251 3.230955 11.239731
v 4.756972 3.600433 11.116973
v 4.756972 3.353963 11.387393
v 4.756972 3.592807 11.125391
v 4.756972 3.330076 11.356602
v 4.756972 3.212579 11.235160
v 4.756972 3.222190 11.226951
v 4.780251 3.222190 11.226951
v 4.756972 3.592427 11.154726
v 4.756972 3.298408 11.333695
v 4.780251 3.230955 11.239731
v 4.756972 3.230955 11.239731
v 4.756972 3.210991 11.250463
v 4.756972 3.592427 11.154726
v 4.756972 3.281904 11.321330
v 4.756972 3.605520 11.166645
v 4.756972 3.276525 11.284928
v 4.756972 3.189652 11.232578
v 4.756972 3.629112 11.170318
v 4.756972 3.258561 11.260541
v 4.756972 3.212579 11.235160
v 4.756972 3.629112 11.170318
v 4.756972 3.239352 11.246708
v 4.756972 3.627445 11.173824
v 4.756972 3.224800 11.242835
v 4.756972 3.157574 11.217210
v 4.756972 3.608788 11.213515
v 4.756972 3.216580 11.240528
v 4.756972 3.193440 11.218192
v 4.756972 3.607297 11.255585
v 4.756972 3.258492 11.399871
v 4.756972 3.613558 11.280939
v 4.756972 3.258492 11.399871
v 4.756972 3.252981 11.415419
v 4.780251 3.252981 11.415419
v 4.756972 3.129318 11.210000
v 4.756972 3.613558 11.280939
v 4.756972 3.275059 11.428801
v 4.756972 3.160559 11.202457
v 4.756972 3.664567 11.323100
v 4.756972 3.280175 11.451921
v 4.756972 3.703350 11.333405
v 4.756972 3.269209 11.474581
v 4.756972 3.113756 11.219303
v 4.756972 3.703350 11.333405
v 4.756972 3.269209 11.474581
v 4.756972 3.129893 11.194934
v 4.756972 3.753921 11.318594
v 4.756972 3.250025 11.487661
v 4.756972 3.086572 11.219071
v 4.756972 3.790207 11.294427
v 4.756972 3.200354 11.474015
v 4.756972 3.095436 11.231338
v 4.756972 3.816353 11.282276
v 4.756972 3.802432 11.286824
v 4.780251 3.802432 11.286824
v 4.756972 3.198279 11.452942
v 4.756972 3.105294 11.206749
v 4.780251 3.617305 11.209465
v 4.756972 3.617305 11.209465
v 4.756972 3.612294 11.223845
v 4.756972 3.192706 11.440798
v 4.756972 3.079869 11.228208
v 4.756972 3.091779 11.232369
v 4.780251 3.091779 11.232369
v 4.756972 3.190688 11.422756
v 4.756972 3.612294 11.223845
v 4.756972 3.212253 11.425378
v 4.756972 3.075336 11.250717
v 4.756972 3.079869 11.228208
v 4.780251 3.079870 11.228208
v 4.756972 3.617305 11.209465
v 4.756972 3.224355 11.429577
v 4.756972 3.090522 11.250077
v 4.756972 3.228666 11.413729
v 4.756972 3.597563 11.222906
v 4.756972 3.238054 11.401047
v 4.756972 3.096997 11.278401
v 4.756972 3.596967 11.207777
v 4.756972 3.244218 11.396431
v 4.756972 3.075336 11.250717
v 4.756972 3.146876 11.457060
v 4.756972 3.134551 11.460733
v 4.780251 3.134552 11.460733
v 4.756972 3.580004 11.227066
v 4.756972 3.118418 11.473927
v 4.756972 3.099096 11.302580
v 4.756972 3.547232 11.218110
v 4.756972 3.105010 11.482959
v 4.756972 3.081935 11.279603
v 4.756972 3.503713 11.250917
v 4.756972 3.497892 11.236951
v 4.780251 3.497892 11.236951
v 4.756972 3.105010 11.482959
v 4.756972 3.090151 11.482994
v 4.780251 3.090151 11.482994
v 4.759684 3.010214 11.161288
v 4.778032 3.010214 11.161288
v 4.778032 3.010214 11.119076
vt 0.993337 0.000000
vt 1.000000 0.921664
vt 0.993337 0.920594
vt 0.980011 0.942748
vt 0.973347 0.000914
vt 0.980010 0.000000
vt 0.953344 0.999993
vt 0.946694 0.000007
vt 0.953344 0.000000
vt 0.560670 0.827322
vt 0.555825 0.815405
vt 0.567522 0.809896
vt 0.986674 0.943662
vt 0.986673 0.000914
vt 0.986674 0.001070
vt 0.986674 0.921664
vt 0.817585 0.649920
vt 0.828890 0.638644
vt 0.833573 0.651028
vt 0.966698 0.999992
vt 0.960021 0.000007
vt 0.966698 0.000000
vt 0.973347 1.000000
vt 0.973347 0.000007
vt 0.960021 1.000000
vt 0.960021 0.000007
vt 0.023677 0.852719
vt 0.006938 0.868382
vt 0.001807 0.856523
vt 0.148516 0.876689
vt 0.148516 0.865503
vt 0.157606 0.873165
vt 0.371882 0.903556
vt 0.371882 0.890821
vt 0.380972 0.894262
vt 0.371882 0.867337
vt 0.388621 0.884486
vt 0.371882 0.878150
vt 0.000000 0.844288
vt 0.023677 0.840169
vt 0.023677 0.865470
vt 0.014587 0.878061
vt 0.023677 0.829766
vt 0.001807 0.833570
vt 0.311870 0.869135
vt 0.301070 0.890838
vt 0.301105 0.874242
vt 0.337392 0.869135
vt 0.324574 0.890811
vt 0.324622 0.867337
vt 0.172189 0.862279
vt 0.165255 0.877943
vt 0.395555 0.899781
vt 0.384737 0.902568
vt 0.311825 0.890818
vt 0.348174 0.890837
vt 0.337347 0.890818
vt 0.161371 0.864659
vt 0.380972 0.910874
vt 0.311870 0.912550
vt 0.337392 0.912550
vt 0.157606 0.856154
vt 0.301105 0.907471
vt 0.324622 0.914338
vt 0.165255 0.846616
vt 0.835211 0.850939
vt 0.858888 0.860461
vt 0.837018 0.863474
vt 0.148516 0.829766
vt 0.170386 0.838243
vt 0.148516 0.852630
vt 0.371882 0.914315
vt 0.842149 0.875271
vt 0.858888 0.872966
vt 0.858888 0.836593
vt 0.858888 0.847677
vt 0.148516 0.840128
vt 0.849798 0.884540
vt 0.858888 0.883287
vt 0.362791 0.910874
vt 0.875628 0.875271
vt 0.882566 0.850939
vt 0.139426 0.856154
vt 0.131776 0.846616
vt 0.867979 0.884540
vt 0.880759 0.863474
vt 0.126645 0.838243
vt 0.282218 0.875965
vt 0.269399 0.897703
vt 0.269448 0.874176
vt 0.124842 0.862279
vt 0.348208 0.899781
vt 0.359026 0.902568
vt 0.256696 0.875964
vt 0.256651 0.897696
vt 0.293000 0.897677
vt 0.282173 0.897696
vt 0.135660 0.864659
vt 0.245896 0.897676
vt 0.245931 0.881043
vt 0.362791 0.894262
vt 0.256696 0.919379
vt 0.282218 0.919379
vt 0.139426 0.873165
vt 0.245931 0.914272
vt 0.269448 0.921177
vt 0.131776 0.877943
vt 0.040417 0.868382
vt 0.045548 0.856523
vt 0.355142 0.884486
vt 0.047354 0.844288
vt 0.032767 0.878061
vt 0.045548 0.833570
vt 0.344172 0.593144
vt 0.390211 0.609601
vt 0.298121 0.609600
vt 0.298121 0.609600
vt 0.372573 0.642768
vt 0.315750 0.642768
vt 0.372573 0.642768
vt 0.318291 0.664385
vt 0.315750 0.642768
vt 0.370010 0.664385
vt 0.306618 0.700008
vt 0.318291 0.664385
vt 0.188914 0.609600
vt 0.180349 0.569851
vt 0.234953 0.593144
vt 0.281004 0.609600
vt 0.206551 0.642768
vt 0.188914 0.609600
vt 0.260833 0.664385
vt 0.206551 0.642768
vt 0.263375 0.642768
vt 0.272506 0.700008
vt 0.209115 0.664385
vt 0.260833 0.664385
vt 0.662530 0.746300
vt 0.678352 0.676123
vt 0.678352 0.746300
vt 0.394799 0.798637
vt 0.371746 0.777418
vt 0.397111 0.777418
vt 0.370082 0.828355
vt 0.398027 0.861628
vt 0.370830 0.861628
vt 0.837524 0.903446
vt 0.855805 0.940754
vt 0.839983 0.940754
vt 0.398027 0.740315
vt 0.370830 0.740315
vt 0.860577 0.884540
vt 0.858264 0.903446
vt 0.398775 0.700008
vt 0.370082 0.700008
vt 0.785168 0.812888
vt 0.814382 0.773634
vt 0.814902 0.812888
vt 0.392340 0.828355
vt 0.374059 0.798637
vt 0.152039 0.956192
vt 0.125758 0.928589
vt 0.151123 0.928589
vt 0.096947 0.582327
vt 0.180349 0.619016
vt 0.090175 0.648817
vt 0.090175 0.648817
vt 0.180349 0.619016
vt 0.180349 0.768401
vt 0.006772 0.755925
vt 0.090175 0.719236
vt 0.044524 0.768401
vt 0.000000 0.689435
vt 0.090175 0.569851
vt 0.090175 0.719236
vt 0.785168 0.661586
vt 0.810024 0.594738
vt 0.817585 0.661586
vt 0.212765 0.700008
vt 0.185939 0.849346
vt 0.180349 0.700008
vt 0.124842 0.877943
vt 0.149698 0.928589
vt 0.132403 0.928589
vt 0.811994 0.773634
vt 0.790759 0.773634
vt 0.580516 0.599921
vt 0.571930 0.608348
vt 0.563013 0.576808
vt 0.536151 0.035292
vt 0.517254 0.079893
vt 0.467620 0.009565
vt 0.054915 0.802812
vt 0.032148 0.827543
vt 0.038500 0.779277
vt 0.285818 0.857382
vt 0.268088 0.874176
vt 0.247311 0.857270
vt 0.293129 0.944050
vt 0.294714 0.950086
vt 0.280586 0.953037
vt 0.728829 0.007238
vt 0.749430 0.001231
vt 0.737239 0.045775
vt 0.754880 0.824813
vt 0.736688 0.835090
vt 0.742868 0.817009
vt 0.750661 0.837973
vt 0.736324 0.853172
vt 0.736688 0.835090
vt 0.748950 0.881015
vt 0.734798 0.882578
vt 0.754880 0.929508
vt 0.740778 0.931632
vt 0.946694 0.833826
vt 0.918551 0.823427
vt 0.943689 0.819858
vt 0.918551 0.823427
vt 0.894167 0.823111
vt 0.901485 0.811137
vt 0.901485 0.811137
vt 0.873082 0.798850
vt 0.885334 0.791555
vt 0.873082 0.798850
vt 0.873192 0.761600
vt 0.885334 0.791555
vt 0.859301 0.763991
vt 0.851850 0.707110
vt 0.873192 0.761600
vt 0.851850 0.707110
vt 0.835211 0.653286
vt 0.849393 0.652558
vt 0.849393 0.652558
vt 0.847323 0.593754
vt 0.861248 0.596818
vt 0.861248 0.596818
vt 0.861255 0.546595
vt 0.875016 0.550180
vt 0.892225 0.478319
vt 0.905673 0.482583
vt 0.905673 0.482583
vt 0.932494 0.418297
vt 0.946694 0.421438
vt 0.692853 0.811174
vt 0.697472 0.771540
vt 0.707440 0.828197
vt 0.683241 0.771973
vt 0.694338 0.734234
vt 0.697472 0.771540
vt 0.694338 0.734234
vt 0.682148 0.673271
vt 0.696388 0.673978
vt 0.696388 0.673978
vt 0.687690 0.633134
vt 0.701885 0.634178
vt 0.707440 0.603736
vt 0.626100 0.959614
vt 0.634643 0.942227
vt 0.639195 0.953887
vt 0.634643 0.942227
vt 0.619846 0.926868
vt 0.634078 0.926466
vt 0.624959 0.899803
vt 0.639195 0.896922
vt 0.271830 0.700008
vt 0.270487 0.723622
vt 0.258573 0.715782
vt 0.258573 0.715782
vt 0.263374 0.735260
vt 0.249292 0.732898
vt 0.250994 0.758781
vt 0.264667 0.754844
vt 0.261503 0.789355
vt 0.250994 0.758781
vt 0.275319 0.785915
vt 0.271285 0.812514
vt 0.261503 0.789355
vt 0.560157 0.651236
vt 0.558728 0.668889
vt 0.549622 0.661280
vt 0.558728 0.668889
vt 0.559804 0.690607
vt 0.545946 0.689039
vt 0.545946 0.689039
vt 0.550509 0.722411
vt 0.536330 0.721908
vt 0.536330 0.721908
vt 0.548151 0.749593
vt 0.534055 0.751362
vt 0.548828 0.772266
vt 0.548828 0.772266
vt 0.573212 0.777606
vt 0.563169 0.787662
vt 0.435169 0.592334
vt 0.431615 0.569851
vt 0.441196 0.576841
vt 0.435169 0.592334
vt 0.419269 0.616387
vt 0.421306 0.588741
vt 0.433175 0.619445
vt 0.414616 0.637947
vt 0.419269 0.616387
vt 0.419812 0.665089
vt 0.406125 0.661145
vt 0.406125 0.661145
vt 0.412703 0.686278
vt 0.398775 0.683265
vt 0.400001 0.710056
vt 0.413944 0.712026
vt 0.403396 0.740811
vt 0.417318 0.742582
vt 0.405105 0.754817
vt 0.403396 0.740811
vt 0.419041 0.756397
vt 0.410416 0.777018
vt 0.405105 0.754817
vt 0.421293 0.776406
vt 0.415940 0.790472
vt 0.410416 0.777018
vt 0.613391 0.665226
vt 0.600498 0.640056
vt 0.660307 0.637626
vt 0.088424 0.272711
vt 0.228380 0.355347
vt 0.216136 0.389722
vt 0.179757 0.795355
vt 0.163343 0.818890
vt 0.156990 0.770624
vt 0.668932 0.845103
vt 0.689709 0.828197
vt 0.707440 0.844992
vt 0.888653 0.927725
vt 0.902780 0.930676
vt 0.901195 0.936712
vt 0.739501 0.547606
vt 0.738023 0.539323
vt 0.805517 0.578040
vt 0.816792 0.870176
vt 0.834984 0.880454
vt 0.822972 0.888257
vt 0.816428 0.852095
vt 0.830765 0.867294
vt 0.829054 0.824251
vt 0.830566 0.850412
vt 0.814902 0.822689
vt 0.834984 0.775758
vt 0.946694 0.002767
vt 0.918551 0.013166
vt 0.913316 0.000000
vt 0.918551 0.013166
vt 0.894167 0.013482
vt 0.913316 0.000000
vt 0.901485 0.025456
vt 0.873082 0.037743
vt 0.894167 0.013482
vt 0.873192 0.074993
vt 0.885334 0.045039
vt 0.851850 0.129483
vt 0.859301 0.072602
vt 0.873192 0.074993
vt 0.851850 0.129483
vt 0.835211 0.183307
vt 0.837750 0.127347
vt 0.849394 0.184035
vt 0.847323 0.242839
vt 0.835211 0.183307
vt 0.861248 0.239776
vt 0.861255 0.289998
vt 0.847323 0.242839
vt 0.875017 0.286414
vt 0.892225 0.358274
vt 0.861255 0.289998
vt 0.905674 0.354010
vt 0.932495 0.418297
vt 0.892225 0.358274
vt 0.720211 0.611761
vt 0.724830 0.651395
vt 0.710599 0.650962
vt 0.721696 0.688701
vt 0.721696 0.688701
vt 0.709506 0.749664
vt 0.707440 0.688868
vt 0.723746 0.748957
vt 0.715048 0.789802
vt 0.734798 0.819199
vt 0.715048 0.789802
vt 0.729244 0.788757
vt 0.606752 0.896922
vt 0.615295 0.914309
vt 0.601186 0.912267
vt 0.600498 0.929667
vt 0.614729 0.930070
vt 0.605611 0.956733
vt 0.600498 0.929667
vt 0.235303 0.815945
vt 0.233960 0.792331
vt 0.249292 0.812096
vt 0.222046 0.800171
vt 0.226847 0.780694
vt 0.233960 0.792331
vt 0.214467 0.757172
vt 0.226847 0.780694
vt 0.212765 0.783056
vt 0.224976 0.726599
vt 0.228140 0.761109
vt 0.214467 0.757172
vt 0.234759 0.703439
vt 0.238792 0.730038
vt 0.224976 0.726599
vt 0.626600 0.812549
vt 0.625171 0.794896
vt 0.639654 0.795755
vt 0.625171 0.794896
vt 0.626247 0.773179
vt 0.639654 0.795755
vt 0.612388 0.774747
vt 0.616951 0.741375
vt 0.626247 0.773179
vt 0.602773 0.741877
vt 0.614594 0.714192
vt 0.616951 0.741375
vt 0.615270 0.691519
vt 0.614594 0.714192
vt 0.600498 0.712423
vt 0.615270 0.691519
vt 0.639654 0.686179
vt 0.625643 0.701253
vt 0.474036 0.790472
vt 0.477590 0.767989
vt 0.483617 0.783481
vt 0.461690 0.743935
vt 0.477590 0.767989
vt 0.463727 0.771582
vt 0.457037 0.722376
vt 0.475596 0.740877
vt 0.461690 0.743935
vt 0.462233 0.695234
vt 0.470803 0.718675
vt 0.448546 0.699177
vt 0.455124 0.674044
vt 0.442422 0.650266
vt 0.455124 0.674044
vt 0.441196 0.677058
vt 0.445817 0.619512
vt 0.456364 0.648296
vt 0.442422 0.650266
vt 0.447526 0.605505
vt 0.459739 0.617740
vt 0.445817 0.619512
vt 0.452836 0.583304
vt 0.461462 0.603925
vt 0.447526 0.605505
vt 0.458361 0.569851
vt 0.463714 0.583916
vt 0.452836 0.583304
vt 0.573263 0.915792
vt 0.595260 0.952993
vt 0.573359 0.952993
vt 0.882223 0.884540
vt 0.860581 0.896212
vt 0.860584 0.884540
vt 0.399001 0.852311
vt 0.420903 0.829212
vt 0.420842 0.852311
vt 0.929352 0.929401
vt 0.907452 0.893788
vt 0.929271 0.893788
vt 0.882226 0.896212
vt 0.860607 0.934229
vt 0.860581 0.896212
vt 0.325392 0.775785
vt 0.303408 0.799431
vt 0.303478 0.775785
vt 0.817585 0.594884
vt 0.830987 0.616708
vt 0.817585 0.616562
vt 0.882201 0.934229
vt 0.860577 0.945910
vt 0.860607 0.934229
vt 0.835269 0.968739
vt 0.856910 0.957613
vt 0.856923 0.968739
vt 0.398939 0.829212
vt 0.421067 0.808755
vt 0.420903 0.829212
vt 0.785168 0.948854
vt 0.762810 0.971629
vt 0.762293 0.948854
vt 0.835281 0.957613
vt 0.856980 0.940754
vt 0.856910 0.957613
vt 0.325292 0.753682
vt 0.303478 0.775785
vt 0.303577 0.753682
vt 0.689653 0.936290
vt 0.667782 0.966367
vt 0.667518 0.936290
vt 0.639080 0.855867
vt 0.629531 0.834314
vt 0.639080 0.834260
vt 0.298239 0.831931
vt 0.286222 0.810399
vt 0.298239 0.810432
vt 0.398775 0.808755
vt 0.420918 0.790472
vt 0.421067 0.808755
vt 0.512285 0.896458
vt 0.533974 0.875639
vt 0.533891 0.896458
vt 0.600127 0.591488
vt 0.591704 0.569851
vt 0.600127 0.569924
vt 0.325379 0.732907
vt 0.303577 0.753682
vt 0.303491 0.732907
vt 0.662189 0.877033
vt 0.639654 0.896616
vt 0.639996 0.877033
vt 0.103031 0.931033
vt 0.124792 0.918948
vt 0.124826 0.931033
vt 0.103065 0.918948
vt 0.124724 0.903953
vt 0.124792 0.918948
vt 0.787488 0.942871
vt 0.809460 0.920649
vt 0.809481 0.942871
vt 0.512201 0.875639
vt 0.533951 0.844400
vt 0.533974 0.875639
vt 0.286222 0.767226
vt 0.301628 0.788665
vt 0.286222 0.788655
vt 0.325399 0.710236
vt 0.303491 0.732907
vt 0.303471 0.710236
vt 0.662204 0.851860
vt 0.639996 0.877033
vt 0.639980 0.851860
vt 0.102770 0.902174
vt 0.081074 0.912854
vt 0.081161 0.902174
vt 0.102856 0.912854
vt 0.081121 0.926142
vt 0.081074 0.912854
vt 0.787509 0.920649
vt 0.809458 0.910453
vt 0.809460 0.920649
vt 0.512225 0.844400
vt 0.534055 0.807194
vt 0.533951 0.844400
vt 0.102809 0.926142
vt 0.081115 0.943881
vt 0.081121 0.926142
vt 0.325363 0.700008
vt 0.303471 0.710236
vt 0.303506 0.700008
vt 0.662069 0.820219
vt 0.639980 0.851860
vt 0.640115 0.820219
vt 0.102816 0.943881
vt 0.081170 0.956036
vt 0.081115 0.943881
vt 0.021875 0.966981
vt 0.043480 0.954542
vt 0.043466 0.966981
vt 0.787511 0.910453
vt 0.810000 0.895869
vt 0.809458 0.910453
vt 0.534055 0.807194
vt 0.512223 0.748809
vt 0.533953 0.748809
vt 0.021862 0.954542
vt 0.043466 0.938321
vt 0.043480 0.954542
vt 0.691747 0.918839
vt 0.669905 0.936290
vt 0.669921 0.918839
vt 0.662218 0.763065
vt 0.640115 0.820219
vt 0.639966 0.763065
vt 0.103133 0.955584
vt 0.124831 0.943841
vt 0.124724 0.955584
vt 0.694150 0.886428
vt 0.670012 0.906424
vt 0.667518 0.886428
vt 0.103026 0.943841
vt 0.124840 0.936597
vt 0.124831 0.943841
vt 0.810000 0.895869
vt 0.785168 0.871854
vt 0.811801 0.871854
vt 0.533953 0.748809
vt 0.512201 0.698193
vt 0.533975 0.698193
vt 0.103017 0.936597
vt 0.124826 0.931033
vt 0.124840 0.936597
vt 0.691656 0.906424
vt 0.669921 0.918839
vt 0.670012 0.906424
vt 0.662178 0.716181
vt 0.639966 0.763065
vt 0.640006 0.716181
vt 0.785324 0.959592
vt 0.807067 0.950973
vt 0.806940 0.959592
vt 0.785196 0.950973
vt 0.806959 0.942871
vt 0.807067 0.950973
vt 0.533975 0.698193
vt 0.512151 0.651236
vt 0.534024 0.651236
vt 0.830308 0.677297
vt 0.824879 0.655698
vt 0.830308 0.655804
vt 0.662094 0.676123
vt 0.640006 0.716181
vt 0.640090 0.676123
vt 0.824879 0.677403
vt 0.817585 0.655834
vt 0.824879 0.655698
vt 0.860324 0.971318
vt 0.881993 0.964707
vt 0.881918 0.971318
vt 0.348208 0.700008
vt 0.370065 0.737566
vt 0.348226 0.737566
vt 0.860249 0.964707
vt 0.881973 0.956832
vt 0.881993 0.964707
vt 0.325834 0.735157
vt 0.347865 0.700008
vt 0.347892 0.735157
vt 0.860269 0.956832
vt 0.882090 0.951814
vt 0.881973 0.956832
vt 0.860152 0.951814
vt 0.882231 0.945910
vt 0.882090 0.951814
vt 0.348226 0.737566
vt 0.370056 0.800880
vt 0.348234 0.800880
vt 0.835159 0.947058
vt 0.813250 0.955350
vt 0.812939 0.947058
vt 0.325821 0.795300
vt 0.347892 0.735157
vt 0.347905 0.795300
vt 0.834848 0.955350
vt 0.813111 0.963429
vt 0.813250 0.955350
vt 0.421067 0.856257
vt 0.431524 0.878261
vt 0.421067 0.877744
vt 0.834987 0.963429
vt 0.813253 0.970976
vt 0.813111 0.963429
vt 0.348234 0.800880
vt 0.369969 0.867337
vt 0.348321 0.867337
vt 0.785336 0.969524
vt 0.807095 0.963082
vt 0.806927 0.969524
vt 0.325518 0.861128
vt 0.347905 0.795300
vt 0.348208 0.861128
vt 0.785168 0.963082
vt 0.806940 0.959592
vt 0.807095 0.963082
vt 0.512121 0.801190
vt 0.487031 0.781623
vt 0.508707 0.781623
vt 0.829029 0.743685
vt 0.817585 0.721456
vt 0.829029 0.722243
vt 0.652395 0.973601
vt 0.639654 0.952138
vt 0.652395 0.952116
vt 0.738041 0.652219
vt 0.763301 0.594738
vt 0.760058 0.652219
vt 0.661060 0.973576
vt 0.652395 0.952116
vt 0.661060 0.952141
vt 0.487031 0.781623
vt 0.508782 0.741307
vt 0.508707 0.781623
vt 0.600056 0.634494
vt 0.591704 0.613052
vt 0.600056 0.613045
vt 0.596375 0.865668
vt 0.574663 0.845175
vt 0.596447 0.845175
vt 0.077265 0.910311
vt 0.055589 0.923702
vt 0.055524 0.910311
vt 0.596447 0.845175
vt 0.574751 0.832887
vt 0.596359 0.832887
vt 0.486956 0.741307
vt 0.508795 0.703538
vt 0.508782 0.741307
vt 0.077208 0.889874
vt 0.055524 0.910311
vt 0.055581 0.889874
vt 0.574751 0.832887
vt 0.596375 0.827715
vt 0.596359 0.832887
vt 0.738031 0.689594
vt 0.760058 0.652219
vt 0.760069 0.689594
vt 0.077196 0.881404
vt 0.055581 0.889874
vt 0.055593 0.881404
vt 0.596375 0.827715
vt 0.574681 0.785769
vt 0.596429 0.785769
vt 0.077215 0.866175
vt 0.055593 0.881404
vt 0.055574 0.866175
vt 0.596429 0.785769
vt 0.573212 0.651236
vt 0.597898 0.651236
vt 0.486942 0.703538
vt 0.508800 0.644374
vt 0.508795 0.703538
vt 0.077189 0.855425
vt 0.055574 0.866175
vt 0.055599 0.855425
vt 0.597938 0.634503
vt 0.600056 0.655973
vt 0.597938 0.655965
vt 0.738037 0.748980
vt 0.760069 0.689594
vt 0.760062 0.748980
vt 0.077282 0.843020
vt 0.055599 0.855425
vt 0.055507 0.843020
vt 0.390210 0.974472
vt 0.369854 0.952654
vt 0.390210 0.952298
vt 0.077216 0.829974
vt 0.055507 0.843020
vt 0.055573 0.829974
vt 0.566577 0.850441
vt 0.555825 0.872512
vt 0.555825 0.850337
vt 0.486937 0.644374
vt 0.508826 0.606142
vt 0.508800 0.644374
vt 0.077215 0.790579
vt 0.055573 0.829974
vt 0.055573 0.790579
vt 0.829877 0.677403
vt 0.817585 0.699445
vt 0.817585 0.677478
vt 0.738064 0.787632
vt 0.760062 0.748980
vt 0.760035 0.787632
vt 0.077219 0.768401
vt 0.055573 0.790579
vt 0.055570 0.768401
vt 0.460442 0.920743
vt 0.482400 0.902533
vt 0.482075 0.920743
vt 0.286222 0.831963
vt 0.297196 0.854071
vt 0.286222 0.854714
vt 0.000082 0.893167
vt 0.021755 0.878061
vt 0.021780 0.893167
vt 0.460435 0.953432
vt 0.482075 0.920743
vt 0.482081 0.953432
vt 0.486912 0.606142
vt 0.509330 0.569851
vt 0.508826 0.606142
vt 0.000000 0.911112
vt 0.021780 0.893167
vt 0.021862 0.911112
vt 0.369827 0.915076
vt 0.348208 0.953869
vt 0.348236 0.915076
vt 0.738237 0.817009
vt 0.760035 0.787632
vt 0.759863 0.817009
vt 0.000040 0.937067
vt 0.021862 0.911112
vt 0.021821 0.937067
vt 0.234403 0.815945
vt 0.212789 0.928193
vt 0.212765 0.815945
vt 0.245548 0.862150
vt 0.234403 0.840357
vt 0.245548 0.840443
vt 0.000132 0.949633
vt 0.021821 0.937067
vt 0.021729 0.949633
vt 0.046549 0.878061
vt 0.023362 0.894061
vt 0.021862 0.878061
vt 0.676593 0.767756
vt 0.679975 0.789194
vt 0.676593 0.789196
vt 0.045048 0.894061
vt 0.023360 0.918737
vt 0.023362 0.894061
vt 0.639883 0.906959
vt 0.661940 0.896616
vt 0.662127 0.906959
vt 0.712574 0.931869
vt 0.734171 0.930587
vt 0.734165 0.931869
vt 0.045050 0.918737
vt 0.023400 0.938321
vt 0.023360 0.918737
vt 0.834984 0.888257
vt 0.813089 0.902478
vt 0.812939 0.888257
vt 0.712571 0.936190
vt 0.734165 0.931869
vt 0.734169 0.936190
vt 0.157403 0.949911
vt 0.179010 0.908863
vt 0.179013 0.949911
vt 0.712435 0.947362
vt 0.734169 0.936190
vt 0.734304 0.947362
vt 0.157405 0.908863
vt 0.179157 0.877943
vt 0.179010 0.908863
vt 0.834834 0.902478
vt 0.813070 0.919526
vt 0.813089 0.902478
vt 0.712572 0.963413
vt 0.734304 0.947362
vt 0.734168 0.963413
vt 0.300631 0.810399
vt 0.286222 0.788813
vt 0.300631 0.788665
vt 0.639941 0.922188
vt 0.662127 0.906959
vt 0.662069 0.922188
vt 0.754880 0.859964
vt 0.761547 0.838510
vt 0.761547 0.859945
vt 0.505500 0.801383
vt 0.511998 0.823014
vt 0.505500 0.822820
vt 0.662530 0.790866
vt 0.676078 0.812872
vt 0.662530 0.812346
vt 0.245287 0.883690
vt 0.234403 0.862237
vt 0.245287 0.862257
vt 0.179557 0.851589
vt 0.172189 0.829775
vt 0.179557 0.829766
vt 0.834853 0.919526
vt 0.813141 0.947058
vt 0.813070 0.919526
vt 0.178886 0.962676
vt 0.157280 0.973198
vt 0.157267 0.962676
vt 0.833229 0.743262
vt 0.829029 0.721610
vt 0.833229 0.721456
vt 0.639654 0.952116
vt 0.662069 0.922188
vt 0.662356 0.952116
vt 0.178895 0.949911
vt 0.157267 0.962676
vt 0.157259 0.949911
vt 0.591638 0.974632
vt 0.573212 0.952993
vt 0.591638 0.953133
vt 0.662530 0.768315
vt 0.676593 0.790340
vt 0.662530 0.789781
vt 0.345291 0.936596
vt 0.323538 0.954805
vt 0.323419 0.936596
vt 0.103017 0.902175
vt 0.081238 0.875822
vt 0.102853 0.875822
vt 0.345151 0.930527
vt 0.323419 0.936596
vt 0.323560 0.930527
vt 0.102853 0.875822
vt 0.081171 0.840304
vt 0.102920 0.840304
vt 0.483243 0.790472
vt 0.460841 0.810563
vt 0.460490 0.790472
vt 0.323547 0.916774
vt 0.345151 0.930527
vt 0.323560 0.930527
vt 0.102920 0.840304
vt 0.081131 0.798702
vt 0.102960 0.798702
vt 0.483661 0.818390
vt 0.505372 0.801190
vt 0.505456 0.818390
vt 0.323533 0.914338
vt 0.345164 0.916774
vt 0.323547 0.916774
vt 0.102960 0.798702
vt 0.081247 0.768401
vt 0.102844 0.768401
vt 0.424175 0.834274
vt 0.432649 0.855740
vt 0.424175 0.855722
vt 0.785032 0.882128
vt 0.763402 0.780452
vt 0.785067 0.780452
vt 0.482893 0.810563
vt 0.460564 0.822350
vt 0.460841 0.810563
vt 0.421067 0.855736
vt 0.424175 0.834274
vt 0.424175 0.855722
vt 0.763402 0.780452
vt 0.785168 0.716247
vt 0.785067 0.780452
vt 0.483739 0.836463
vt 0.505456 0.818390
vt 0.505378 0.836463
vt 0.054966 0.851231
vt 0.047354 0.829766
vt 0.054966 0.829777
vt 0.763301 0.716247
vt 0.785106 0.680584
vt 0.785168 0.716247
vt 0.245909 0.961529
vt 0.267534 0.949994
vt 0.267545 0.961529
vt 0.763365 0.680584
vt 0.785119 0.633708
vt 0.785106 0.680584
vt 0.483169 0.822350
vt 0.460772 0.841903
vt 0.460564 0.822350
vt 0.245930 0.967861
vt 0.267545 0.961529
vt 0.267524 0.967861
vt 0.763352 0.633708
vt 0.785119 0.594738
vt 0.785119 0.633708
vt 0.483677 0.861973
vt 0.505378 0.836463
vt 0.505440 0.861973
vt 0.245896 0.972253
vt 0.267524 0.967861
vt 0.267558 0.972253
vt 0.625898 0.812549
vt 0.604138 0.843677
vt 0.604130 0.812549
vt 0.534064 0.953704
vt 0.555717 0.909381
vt 0.555708 0.953704
vt 0.625890 0.843677
vt 0.604135 0.865965
vt 0.604138 0.843677
vt 0.482961 0.841903
vt 0.460891 0.872739
vt 0.460772 0.841903
vt 0.754880 0.817022
vt 0.762514 0.838491
vt 0.754880 0.838478
vt 0.625893 0.865965
vt 0.600498 0.896922
vt 0.604135 0.865965
vt 0.483617 0.891123
vt 0.505440 0.861973
vt 0.505500 0.891123
vt 0.678261 0.767744
vt 0.662530 0.746300
vt 0.678261 0.746311
vt 0.274499 0.949994
vt 0.245896 0.924835
vt 0.274499 0.921177
vt 0.286222 0.721944
vt 0.300988 0.744322
vt 0.286222 0.745270
vt 0.591704 0.591561
vt 0.600052 0.613019
vt 0.591704 0.613045
vt 0.555771 0.787662
vt 0.534144 0.814661
vt 0.534109 0.787662
vt 0.482842 0.872739
vt 0.460116 0.902533
vt 0.460891 0.872739
vt 0.478621 0.974924
vt 0.460116 0.953436
vt 0.478621 0.953432
vt 0.555736 0.814661
vt 0.534055 0.861375
vt 0.534144 0.814661
vt 0.483763 0.912994
vt 0.505500 0.891123
vt 0.505354 0.912994
vt 0.483617 0.921089
vt 0.505382 0.912994
vt 0.505493 0.921089
vt 0.555825 0.861375
vt 0.534069 0.909381
vt 0.534055 0.861375
vt 0.829896 0.721399
vt 0.817585 0.699521
vt 0.829896 0.699578
vt 0.483718 0.930900
vt 0.505493 0.921089
vt 0.505392 0.930900
vt 0.460028 0.790472
vt 0.438252 0.824096
vt 0.438286 0.790472
vt 0.483723 0.943761
vt 0.505392 0.930900
vt 0.505387 0.943761
vt 0.460062 0.824096
vt 0.438282 0.854772
vt 0.438252 0.824096
vt 0.234403 0.815945
vt 0.244729 0.839061
vt 0.234403 0.840357
vt 0.505350 0.956878
vt 0.483723 0.943761
vt 0.505387 0.943761
vt 0.460032 0.854772
vt 0.438198 0.889852
vt 0.438282 0.854772
vt 0.303352 0.700008
vt 0.286222 0.721717
vt 0.286222 0.700235
vt 0.391855 0.943104
vt 0.370241 0.952298
vt 0.370216 0.943104
vt 0.460116 0.889852
vt 0.438359 0.908267
vt 0.438198 0.889852
vt 0.370241 0.937031
vt 0.391855 0.943104
vt 0.370216 0.943104
vt 0.711280 0.936290
vt 0.689653 0.966693
vt 0.689685 0.936290
vt 0.202623 0.849346
vt 0.180720 0.873903
vt 0.180979 0.849346
vt 0.369854 0.915076
vt 0.391830 0.937031
vt 0.370241 0.937031
vt 0.785042 0.882128
vt 0.763342 0.905581
vt 0.763381 0.882128
vt 0.883976 0.859158
vt 0.907161 0.836593
vt 0.905751 0.859158
vt 0.734579 0.926973
vt 0.712435 0.930587
vt 0.712654 0.926973
vt 0.785080 0.905581
vt 0.763357 0.926840
vt 0.763342 0.905581
vt 0.734496 0.886136
vt 0.712654 0.926973
vt 0.712736 0.886136
vt 0.785065 0.926840
vt 0.763254 0.940884
vt 0.763357 0.926840
vt 0.202882 0.873903
vt 0.180737 0.906831
vt 0.180720 0.873903
vt 0.734500 0.867312
vt 0.712736 0.886136
vt 0.712733 0.867312
vt 0.785168 0.940884
vt 0.763393 0.948854
vt 0.763254 0.940884
vt 0.883966 0.893351
vt 0.905751 0.859158
vt 0.905760 0.893351
vt 0.712704 0.848585
vt 0.734500 0.867312
vt 0.712733 0.867312
vt 0.434719 0.812160
vt 0.421067 0.790472
vt 0.434719 0.790731
vt 0.712797 0.828197
vt 0.734529 0.848585
vt 0.712704 0.848585
vt 0.301699 0.767217
vt 0.286222 0.745450
vt 0.301699 0.745270
vt 0.202865 0.906831
vt 0.180349 0.934004
vt 0.180737 0.906831
vt 0.124842 0.876001
vt 0.103110 0.903953
vt 0.103017 0.876001
vt 0.000000 0.973538
vt 0.021670 0.949633
vt 0.021748 0.973538
vt 0.884059 0.922511
vt 0.905760 0.893351
vt 0.905667 0.922511
vt 0.103071 0.845808
vt 0.124842 0.876001
vt 0.103017 0.876001
vt 0.533741 0.896458
vt 0.512140 0.914033
vt 0.512149 0.896458
vt 0.103108 0.808384
vt 0.124788 0.845808
vt 0.103071 0.845808
vt 0.533750 0.914033
vt 0.512121 0.937582
vt 0.512140 0.914033
vt 0.907161 0.960900
vt 0.929608 0.946855
vt 0.930065 0.960900
vt 0.124801 0.768401
vt 0.103108 0.808384
vt 0.103058 0.768401
vt 0.512121 0.937582
vt 0.533757 0.956264
vt 0.512133 0.956264
vt 0.234686 0.944924
vt 0.212962 0.963051
vt 0.212846 0.944924
vt 0.398775 0.943783
vt 0.420607 0.908933
vt 0.420696 0.943783
vt 0.438201 0.908267
vt 0.459828 0.935010
vt 0.438198 0.935010
vt 0.421067 0.812477
vt 0.432800 0.834256
vt 0.421067 0.834197
vt 0.398855 0.955068
vt 0.420696 0.943783
vt 0.420617 0.955068
vt 0.459828 0.935010
vt 0.438218 0.956335
vt 0.438198 0.935010
vt 0.907618 0.946855
vt 0.929555 0.929401
vt 0.929608 0.946855
vt 0.555825 0.827322
vt 0.566766 0.849630
vt 0.555825 0.850337
vt 0.301450 0.956493
vt 0.323109 0.938567
vt 0.323040 0.956493
vt 0.234766 0.928193
vt 0.212846 0.944924
vt 0.212765 0.928193
vt 0.570105 0.787662
vt 0.555825 0.809542
vt 0.555825 0.788016
vt 0.301381 0.938567
vt 0.323114 0.929609
vt 0.323109 0.938567
vt 0.829452 0.766473
vt 0.817585 0.744707
vt 0.829452 0.744472
vt 0.301376 0.929609
vt 0.323420 0.914338
vt 0.323114 0.929609
vt 0.573465 0.865668
vt 0.595407 0.878955
vt 0.573212 0.878955
vt 0.734798 0.963121
vt 0.756872 0.943590
vt 0.757147 0.963121
vt 0.325281 0.842883
vt 0.303352 0.864146
vt 0.303589 0.842883
vt 0.907488 0.854726
vt 0.929562 0.836593
vt 0.929235 0.854726
vt 0.735072 0.943590
vt 0.756976 0.931632
vt 0.756872 0.943590
vt 0.399075 0.908933
vt 0.421021 0.893424
vt 0.420768 0.908933
vt 0.077514 0.923702
vt 0.055654 0.939024
vt 0.055507 0.923702
vt 0.573212 0.878955
vt 0.595265 0.893144
vt 0.573353 0.893144
vt 0.077367 0.939024
vt 0.055638 0.953146
vt 0.055654 0.939024
vt 0.398822 0.893424
vt 0.420843 0.871977
vt 0.421021 0.893424
vt 0.907383 0.869387
vt 0.929235 0.854726
vt 0.929340 0.869387
vt 0.077382 0.953146
vt 0.055715 0.959147
vt 0.055638 0.953146
vt 0.325461 0.819489
vt 0.303589 0.842883
vt 0.303409 0.819489
vt 0.629531 0.812549
vt 0.639328 0.834170
vt 0.629531 0.834260
vt 0.573353 0.893144
vt 0.595355 0.915792
vt 0.573263 0.915792
vt 0.180434 0.964539
vt 0.202211 0.946968
vt 0.202126 0.964539
vt 0.399000 0.871977
vt 0.420842 0.852311
vt 0.420843 0.871977
vt 0.929271 0.893788
vt 0.907383 0.869387
vt 0.929340 0.869387
vt 0.180349 0.946968
vt 0.202096 0.934004
vt 0.202211 0.946968
vt 0.325462 0.799431
vt 0.303409 0.819489
vt 0.303408 0.799431
vt 0.555825 0.872551
vt 0.566390 0.894328
vt 0.555825 0.894288
vt 0.830778 0.638182
vt 0.817585 0.616708
vt 0.830778 0.616712
vt 0.132403 0.928589
vt 0.810024 0.594738
vt 0.792729 0.594738
vt 1.000000 0.001070
vt 0.973347 0.943662
vt 0.946695 1.000000
vt 0.555825 0.822504
vt 0.560670 0.810183
vt 0.572367 0.814714
vt 0.567521 0.827035
vt 0.572367 0.821813
vt 0.822268 0.655239
vt 0.817585 0.642856
vt 0.822267 0.638186
vt 0.833573 0.643964
vt 0.828890 0.655698
vt 0.960021 1.000000
vt 0.393752 0.875615
vt 0.023677 0.876480
vt 0.348208 0.874241
vt 0.388621 0.915076
vt 0.348208 0.907470
vt 0.837018 0.839606
vt 0.880759 0.839606
vt 0.355142 0.915076
vt 0.293034 0.881044
vt 0.293034 0.914273
vt 0.350011 0.875615
vt 0.298121 0.609600
vt 0.289562 0.569851
vt 0.344172 0.593144
vt 0.344172 0.593144
vt 0.398775 0.569851
vt 0.390211 0.609601
vt 0.390211 0.609601
vt 0.370010 0.664385
vt 0.381659 0.700008
vt 0.234953 0.593144
vt 0.289562 0.569851
vt 0.281004 0.609600
vt 0.281004 0.609600
vt 0.188914 0.609600
vt 0.234953 0.593144
vt 0.263375 0.642768
vt 0.209115 0.664385
vt 0.197465 0.700008
vt 0.662530 0.676123
vt 0.398775 0.828355
vt 0.835211 0.884540
vt 0.814382 0.871854
vt 0.785688 0.871854
vt 0.785688 0.773634
vt 0.376517 0.828355
vt 0.124842 0.956192
vt 0.134698 0.569851
vt 0.000000 0.689435
vt 0.792729 0.594738
vt 0.207175 0.849346
vt 0.157259 0.877943
vt 0.591704 0.638708
vt 0.582858 0.649272
vt 0.571999 0.638226
vt 0.551495 0.651236
vt 0.529809 0.645986
vt 0.515205 0.627425
vt 0.512121 0.605918
vt 0.525014 0.580748
vt 0.544324 0.569851
vt 0.575603 0.577143
vt 0.575603 0.577143
vt 0.591704 0.582899
vt 0.580516 0.599921
vt 0.590364 0.631626
vt 0.571930 0.608348
vt 0.583542 0.618510
vt 0.571999 0.638226
vt 0.583542 0.618510
vt 0.559845 0.556257
vt 0.546121 0.540713
vt 0.562281 0.555477
vt 0.539792 0.529248
vt 0.595704 0.506911
vt 0.534712 0.527151
vt 0.571544 0.474537
vt 0.509275 0.492340
vt 0.457817 0.346681
vt 0.450856 0.361569
vt 0.388919 0.320959
vt 0.431251 0.377691
vt 0.385066 0.327406
vt 0.457817 0.346681
vt 0.582357 0.560733
vt 0.576653 0.569850
vt 0.600498 0.552049
vt 0.591875 0.568466
vt 0.589092 0.346522
vt 0.595764 0.350989
vt 0.577220 0.338799
vt 0.407755 0.384351
vt 0.564134 0.320861
vt 0.577220 0.338799
vt 0.457817 0.346681
vt 0.571544 0.474537
vt 0.367555 0.367567
vt 0.362075 0.326925
vt 0.379689 0.323764
vt 0.388919 0.320959
vt 0.385106 0.318951
vt 0.388673 0.297139
vt 0.555292 0.293916
vt 0.550172 0.244167
vt 0.561273 0.260005
vt 0.528628 0.214504
vt 0.550172 0.244167
vt 0.550172 0.244167
vt 0.555292 0.293916
vt 0.457817 0.346681
vt 0.388673 0.297139
vt 0.357436 0.292492
vt 0.332448 0.266909
vt 0.516385 0.180128
vt 0.311681 0.227348
vt 0.300249 0.194364
vt 0.345076 0.096533
vt 0.396518 0.056443
vt 0.422463 0.031710
vt 0.509182 0.134500
vt 0.514597 0.000000
vt 0.552736 0.001993
vt 0.575085 0.009764
vt 0.565768 0.023966
vt 0.600498 0.027751
vt 0.052340 0.783482
vt 0.055507 0.817927
vt 0.001535 0.803170
vt 0.048166 0.829766
vt 0.000000 0.789426
vt 0.025330 0.776509
vt 0.005119 0.777343
vt 0.045469 0.768401
vt 0.045469 0.768401
vt 0.055507 0.771868
vt 0.052340 0.783482
vt 0.245896 0.844320
vt 0.248209 0.832374
vt 0.285818 0.839640
vt 0.256584 0.817962
vt 0.279892 0.826468
vt 0.271950 0.815945
vt 0.245995 0.849907
vt 0.280809 0.869639
vt 0.268088 0.874176
vt 0.251922 0.869389
vt 0.247311 0.857270
vt 0.274499 0.936730
vt 0.279983 0.929772
vt 0.274615 0.940647
vt 0.279983 0.929772
vt 0.285665 0.923478
vt 0.293995 0.935911
vt 0.285665 0.923478
vt 0.292980 0.921177
vt 0.296667 0.929851
vt 0.285665 0.923478
vt 0.296667 0.929851
vt 0.293995 0.935911
vt 0.274615 0.940647
vt 0.280586 0.953037
vt 0.274540 0.947740
vt 0.296667 0.957225
vt 0.287245 0.958252
vt 0.294714 0.950086
vt 0.287245 0.958252
vt 0.280586 0.953037
vt 0.294714 0.950086
vt 0.280586 0.953037
vt 0.293129 0.944050
vt 0.825039 0.224860
vt 0.835211 0.231673
vt 0.823047 0.238157
vt 0.812964 0.247171
vt 0.783303 0.275402
vt 0.811554 0.198936
vt 0.738835 0.297369
vt 0.701139 0.294262
vt 0.825039 0.224860
vt 0.823047 0.238157
vt 0.819547 0.201426
vt 0.825376 0.211863
vt 0.825039 0.224860
vt 0.812964 0.247171
vt 0.811554 0.198936
vt 0.672514 0.280965
vt 0.646814 0.263831
vt 0.636799 0.241511
vt 0.636799 0.241511
vt 0.631360 0.221629
vt 0.631204 0.202521
vt 0.631204 0.202521
vt 0.641932 0.162894
vt 0.808540 0.184283
vt 0.642898 0.159389
vt 0.642898 0.159389
vt 0.620396 0.159893
vt 0.615194 0.153876
vt 0.615194 0.153876
vt 0.606271 0.151071
vt 0.600498 0.136820
vt 0.601757 0.123992
vt 0.607437 0.114983
vt 0.607437 0.114983
vt 0.612736 0.107652
vt 0.642898 0.159389
vt 0.612736 0.107652
vt 0.633925 0.098047
vt 0.639199 0.090519
vt 0.655352 0.090441
vt 0.663805 0.084155
vt 0.710733 0.079258
vt 0.716069 0.075686
vt 0.717289 0.069469
vt 0.735025 0.058047
vt 0.726915 0.059364
vt 0.816902 0.103362
vt 0.738023 0.055415
vt 0.631204 0.202521
vt 0.810769 0.163725
vt 0.816797 0.140793
vt 0.808540 0.184283
vt 0.672514 0.280965
vt 0.816875 0.156572
vt 0.817905 0.117125
vt 0.817905 0.117125
vt 0.822618 0.131207
vt 0.816797 0.140793
vt 0.739501 0.047132
vt 0.805517 0.016698
vt 0.835211 0.067432
vt 0.833396 0.044004
vt 0.821683 0.027045
vt 0.769225 0.001401
vt 0.781508 0.004461
vt 0.766064 0.004282
vt 0.723009 0.046903
vt 0.717787 0.041024
vt 0.737239 0.045775
vt 0.717787 0.041024
vt 0.728829 0.007238
vt 0.701630 0.026328
vt 0.705781 0.014073
vt 0.764728 0.004327
vt 0.761257 0.000000
vt 0.732851 0.001194
vt 0.749430 0.001231
vt 0.718080 0.005437
vt 0.754880 0.824813
vt 0.750462 0.854854
vt 0.946694 0.833826
vt 0.913316 0.836593
vt 0.918551 0.823427
vt 0.913316 0.836593
vt 0.894167 0.823111
vt 0.859301 0.763991
vt 0.837750 0.709246
vt 0.851850 0.707110
vt 0.835211 0.653286
vt 0.847323 0.593754
vt 0.861255 0.546595
vt 0.932494 0.418297
vt 0.692853 0.811174
vt 0.683241 0.771973
vt 0.697472 0.771540
vt 0.680081 0.734067
vt 0.694338 0.734234
vt 0.680081 0.734067
vt 0.682148 0.673271
vt 0.687690 0.633134
vt 0.694417 0.594738
vt 0.626100 0.959614
vt 0.620534 0.944269
vt 0.634643 0.942227
vt 0.619846 0.926868
vt 0.271830 0.700008
vt 0.285818 0.703857
vt 0.270487 0.723622
vt 0.263374 0.735260
vt 0.264667 0.754844
vt 0.264667 0.754844
vt 0.275319 0.785915
vt 0.285818 0.815945
vt 0.271285 0.812514
vt 0.560157 0.651236
vt 0.573212 0.668031
vt 0.559804 0.690607
vt 0.536330 0.721908
vt 0.550509 0.722411
vt 0.559200 0.762533
vt 0.548828 0.772266
vt 0.559200 0.762533
vt 0.573212 0.777606
vt 0.431615 0.569851
vt 0.435169 0.592334
vt 0.428382 0.641647
vt 0.412703 0.686278
vt 0.413944 0.712026
vt 0.417318 0.742582
vt 0.403396 0.740811
vt 0.417318 0.742582
vt 0.419041 0.756397
vt 0.421293 0.776406
vt 0.410416 0.777018
vt 0.421293 0.776406
vt 0.441196 0.790229
vt 0.415940 0.790472
vt 0.660375 0.607748
vt 0.671235 0.596702
vt 0.680081 0.607266
vt 0.678741 0.614347
vt 0.671919 0.627464
vt 0.668892 0.646053
vt 0.651390 0.669166
vt 0.680081 0.663075
vt 0.663980 0.668831
vt 0.671919 0.627464
vt 0.660307 0.637626
vt 0.660375 0.607748
vt 0.618186 0.599988
vt 0.639872 0.594738
vt 0.632701 0.676123
vt 0.603582 0.618550
vt 0.239543 0.040602
vt 0.245872 0.029137
vt 0.295455 0.062940
vt 0.259596 0.013593
vt 0.262032 0.014374
vt 0.276404 0.000000
vt 0.282108 0.009117
vt 0.209026 0.077510
vt 0.234463 0.042699
vt 0.271295 0.095313
vt 0.131003 0.192160
vt 0.150607 0.208282
vt 0.084817 0.242444
vt 0.150607 0.208282
vt 0.157568 0.223170
vt 0.088670 0.248891
vt 0.157568 0.223170
vt 0.300249 0.017802
vt 0.291626 0.001384
vt 0.271295 0.095313
vt 0.295515 0.218861
vt 0.288843 0.223328
vt 0.288843 0.223328
vt 0.276971 0.231051
vt 0.107506 0.185499
vt 0.088670 0.248891
vt 0.061826 0.242925
vt 0.067306 0.202283
vt 0.079440 0.246087
vt 0.088424 0.272711
vt 0.084857 0.250900
vt 0.088670 0.248891
vt 0.032199 0.302941
vt 0.057188 0.277359
vt 0.157568 0.223170
vt 0.271295 0.095313
vt 0.276971 0.231051
vt 0.263885 0.248989
vt 0.011432 0.342503
vt 0.255044 0.275934
vt 0.255044 0.275934
vt 0.261025 0.309846
vt 0.249923 0.325683
vt 0.157568 0.223170
vt 0.000000 0.375487
vt 0.044827 0.473318
vt 0.096269 0.513407
vt 0.208933 0.435351
vt 0.167372 0.560285
vt 0.122214 0.538140
vt 0.217005 0.489957
vt 0.252488 0.567857
vt 0.214348 0.569851
vt 0.235902 0.534559
vt 0.300249 0.542099
vt 0.274837 0.560087
vt 0.265519 0.545885
vt 0.249923 0.325683
vt 0.265519 0.545885
vt 0.177182 0.814685
vt 0.180349 0.826299
vt 0.170312 0.829766
vt 0.163343 0.818890
vt 0.150172 0.821658
vt 0.126378 0.794997
vt 0.129962 0.820824
vt 0.124842 0.808741
vt 0.177182 0.814685
vt 0.170312 0.829766
vt 0.180349 0.780241
vt 0.179757 0.795355
vt 0.156990 0.770624
vt 0.173009 0.768401
vt 0.678205 0.884412
vt 0.669830 0.869999
vt 0.701513 0.875905
vt 0.667518 0.858053
vt 0.707440 0.862734
vt 0.667616 0.852466
vt 0.673544 0.832984
vt 0.702431 0.832734
vt 0.693571 0.886428
vt 0.893731 0.957284
vt 0.888049 0.950991
vt 0.902061 0.944852
vt 0.888049 0.950991
vt 0.882566 0.944033
vt 0.882681 0.940116
vt 0.882681 0.940116
vt 0.882681 0.940116
vt 0.882606 0.933023
vt 0.888653 0.927725
vt 0.904734 0.950912
vt 0.901046 0.959585
vt 0.893731 0.957284
vt 0.904734 0.950912
vt 0.888653 0.927725
vt 0.901195 0.936712
vt 0.895312 0.922511
vt 0.902780 0.930676
vt 0.895312 0.922511
vt 0.904734 0.923538
vt 0.902780 0.930676
vt 0.825039 0.369878
vt 0.825376 0.382875
vt 0.811554 0.395802
vt 0.825376 0.382875
vt 0.819547 0.393312
vt 0.811554 0.395802
vt 0.823047 0.356581
vt 0.835211 0.363065
vt 0.825039 0.369878
vt 0.738835 0.297369
vt 0.783303 0.319336
vt 0.701139 0.300475
vt 0.812964 0.347567
vt 0.812964 0.347567
vt 0.823047 0.356581
vt 0.825039 0.369878
vt 0.646814 0.330906
vt 0.672514 0.313773
vt 0.636799 0.353227
vt 0.636799 0.353227
vt 0.631204 0.392217
vt 0.631360 0.373109
vt 0.641932 0.431843
vt 0.631204 0.392217
vt 0.808540 0.410455
vt 0.615194 0.440862
vt 0.620396 0.434845
vt 0.642898 0.435349
vt 0.808540 0.410455
vt 0.672514 0.313773
vt 0.606271 0.443667
vt 0.600498 0.457918
vt 0.607437 0.479755
vt 0.601757 0.470746
vt 0.612736 0.487086
vt 0.607437 0.479755
vt 0.642898 0.435349
vt 0.655352 0.504297
vt 0.639199 0.504219
vt 0.633925 0.496691
vt 0.612736 0.487086
vt 0.810769 0.431013
vt 0.816875 0.438166
vt 0.816797 0.453944
vt 0.710733 0.515480
vt 0.663805 0.510583
vt 0.816797 0.453944
vt 0.822618 0.463531
vt 0.817905 0.477612
vt 0.816902 0.491375
vt 0.835211 0.527306
vt 0.833396 0.550734
vt 0.821683 0.567693
vt 0.817905 0.477612
vt 0.716069 0.519052
vt 0.835211 0.527306
vt 0.821683 0.567693
vt 0.805517 0.578040
vt 0.726915 0.535374
vt 0.717288 0.525269
vt 0.735025 0.536691
vt 0.781508 0.590277
vt 0.769225 0.593337
vt 0.766064 0.590456
vt 0.764728 0.590411
vt 0.761257 0.594738
vt 0.749430 0.593507
vt 0.749430 0.593507
vt 0.732851 0.593544
vt 0.728829 0.587500
vt 0.718080 0.589301
vt 0.705781 0.580665
vt 0.701630 0.568410
vt 0.717787 0.553713
vt 0.723009 0.547835
vt 0.737239 0.548963
vt 0.737239 0.548963
vt 0.820882 0.773634
vt 0.946694 0.002767
vt 0.943689 0.016735
vt 0.918551 0.013166
vt 0.901485 0.025456
vt 0.901485 0.025456
vt 0.885334 0.045039
vt 0.873082 0.037743
vt 0.859301 0.072602
vt 0.851850 0.129483
vt 0.849394 0.184035
vt 0.861248 0.239776
vt 0.875017 0.286414
vt 0.905674 0.354010
vt 0.946694 0.415155
vt 0.932495 0.418297
vt 0.734798 0.594738
vt 0.721696 0.688701
vt 0.707440 0.688868
vt 0.710599 0.650962
vt 0.723746 0.748957
vt 0.734798 0.819199
vt 0.721775 0.828197
vt 0.715048 0.789802
vt 0.606752 0.896922
vt 0.619846 0.902649
vt 0.615295 0.914309
vt 0.615295 0.914309
vt 0.614729 0.930070
vt 0.619846 0.959614
vt 0.605611 0.956733
vt 0.235303 0.815945
vt 0.222046 0.800171
vt 0.228140 0.761109
vt 0.228140 0.761109
vt 0.234759 0.703439
vt 0.249292 0.700008
vt 0.238792 0.730038
vt 0.626600 0.812549
vt 0.616064 0.802506
vt 0.625171 0.794896
vt 0.625171 0.794896
vt 0.612388 0.774747
vt 0.602773 0.741877
vt 0.615270 0.691519
vt 0.625643 0.701253
vt 0.614594 0.714192
vt 0.615270 0.691519
vt 0.629612 0.676123
vt 0.639654 0.686179
vt 0.474036 0.790472
vt 0.463727 0.771582
vt 0.477590 0.767989
vt 0.477590 0.767989
vt 0.448546 0.699177
vt 0.455124 0.674044
vt 0.456364 0.648296
vt 0.459739 0.617740
vt 0.452836 0.583304
vt 0.463714 0.583916
vt 0.461462 0.603925
vt 0.458361 0.569851
vt 0.483617 0.570093
vt 0.463714 0.583916
vt 0.595355 0.915792
vt 0.882226 0.896212
vt 0.398939 0.829212
vt 0.907372 0.929401
vt 0.882201 0.934229
vt 0.325462 0.799431
vt 0.817585 0.594884
vt 0.830987 0.594738
vt 0.830987 0.616708
vt 0.882231 0.945910
vt 0.835281 0.957613
vt 0.398775 0.808755
vt 0.784651 0.971629
vt 0.835211 0.940754
vt 0.325392 0.775785
vt 0.689388 0.966367
vt 0.639080 0.855867
vt 0.629531 0.855813
vt 0.629531 0.834314
vt 0.298239 0.831931
vt 0.286222 0.831963
vt 0.286222 0.810399
vt 0.398924 0.790472
vt 0.512201 0.875639
vt 0.591704 0.591561
vt 0.325379 0.732907
vt 0.325292 0.753682
vt 0.303577 0.753682
vt 0.662530 0.896616
vt 0.103065 0.918948
vt 0.103133 0.903953
vt 0.787509 0.920649
vt 0.512225 0.844400
vt 0.301628 0.767217
vt 0.325379 0.732907
vt 0.662189 0.877033
vt 0.102770 0.902174
vt 0.102856 0.912854
vt 0.081074 0.912854
vt 0.102809 0.926142
vt 0.787511 0.910453
vt 0.512121 0.807194
vt 0.102816 0.943881
vt 0.325399 0.710236
vt 0.662204 0.851860
vt 0.102760 0.956036
vt 0.021862 0.954542
vt 0.786969 0.895869
vt 0.512121 0.807194
vt 0.021875 0.938321
vt 0.691762 0.936290
vt 0.662069 0.820219
vt 0.103026 0.943841
vt 0.691656 0.906424
vt 0.103017 0.936597
vt 0.786969 0.895869
vt 0.512223 0.748809
vt 0.103031 0.931033
vt 0.691747 0.918839
vt 0.662218 0.763065
vt 0.785196 0.950973
vt 0.785305 0.942871
vt 0.512201 0.698193
vt 0.830308 0.677297
vt 0.824879 0.677403
vt 0.824879 0.655698
vt 0.662178 0.716181
vt 0.824879 0.677403
vt 0.817585 0.677267
vt 0.817585 0.655834
vt 0.860249 0.964707
vt 0.370082 0.700008
vt 0.860269 0.956832
vt 0.325861 0.700008
vt 0.860152 0.951814
vt 0.860011 0.945910
vt 0.370065 0.737566
vt 0.834848 0.955350
vt 0.325834 0.735157
vt 0.834987 0.963429
vt 0.421067 0.856257
vt 0.431524 0.855740
vt 0.431524 0.878261
vt 0.834844 0.970976
vt 0.370056 0.800880
vt 0.785168 0.963082
vt 0.325821 0.795300
vt 0.785324 0.959592
vt 0.483617 0.801190
vt 0.829029 0.743685
vt 0.817585 0.744472
vt 0.817585 0.721456
vt 0.652395 0.973601
vt 0.639654 0.973579
vt 0.639654 0.952138
vt 0.734798 0.594738
vt 0.661060 0.973576
vt 0.652395 0.973601
vt 0.652395 0.952116
vt 0.486956 0.741307
vt 0.600056 0.634494
vt 0.591704 0.634487
vt 0.591704 0.613052
vt 0.574735 0.865668
vt 0.077200 0.923702
vt 0.574663 0.845175
vt 0.486942 0.703538
vt 0.077265 0.910311
vt 0.574735 0.827715
vt 0.738041 0.652219
vt 0.077208 0.889874
vt 0.574735 0.827715
vt 0.077196 0.881404
vt 0.574681 0.785769
vt 0.486937 0.644374
vt 0.077215 0.866175
vt 0.597938 0.634503
vt 0.600056 0.634494
vt 0.600056 0.655973
vt 0.738031 0.689594
vt 0.077189 0.855425
vt 0.390210 0.974472
vt 0.369854 0.974116
vt 0.369854 0.952654
vt 0.077282 0.843020
vt 0.566577 0.850441
vt 0.566577 0.872408
vt 0.555825 0.872512
vt 0.486912 0.606142
vt 0.077216 0.829974
vt 0.829877 0.677403
vt 0.829877 0.699521
vt 0.817585 0.699445
vt 0.738037 0.748980
vt 0.077215 0.790579
vt 0.460116 0.902533
vt 0.286222 0.831963
vt 0.297196 0.832607
vt 0.297196 0.854071
vt 0.000106 0.878061
vt 0.460442 0.920743
vt 0.486408 0.569851
vt 0.000082 0.893167
vt 0.369854 0.953869
vt 0.738064 0.787632
vt 0.000000 0.911112
vt 0.234380 0.928193
vt 0.245548 0.862150
vt 0.234403 0.862237
vt 0.234403 0.840357
vt 0.000040 0.937067
vt 0.045048 0.894061
vt 0.679975 0.767758
vt 0.045050 0.918737
vt 0.640070 0.896616
vt 0.712569 0.930587
vt 0.045010 0.938321
vt 0.834834 0.902478
vt 0.712574 0.931869
vt 0.157405 0.908863
vt 0.712571 0.936190
vt 0.157259 0.877943
vt 0.834853 0.919526
vt 0.712435 0.947362
vt 0.300631 0.810399
vt 0.286222 0.810250
vt 0.286222 0.788813
vt 0.639883 0.906959
vt 0.754880 0.859964
vt 0.754880 0.838491
vt 0.761547 0.838510
vt 0.505500 0.801383
vt 0.511998 0.801190
vt 0.511998 0.823014
vt 0.662530 0.790866
vt 0.676078 0.790340
vt 0.676078 0.812872
vt 0.245287 0.883690
vt 0.234403 0.883709
vt 0.234403 0.862237
vt 0.179557 0.851589
vt 0.172189 0.851581
vt 0.172189 0.829775
vt 0.834782 0.947058
vt 0.178874 0.973198
vt 0.833229 0.743262
vt 0.829029 0.743109
vt 0.829029 0.721610
vt 0.639941 0.922188
vt 0.178886 0.962676
vt 0.591638 0.974632
vt 0.573212 0.974772
vt 0.573212 0.952993
vt 0.662530 0.768315
vt 0.676593 0.767756
vt 0.676593 0.790340
vt 0.345173 0.954805
vt 0.081074 0.902175
vt 0.345291 0.936596
vt 0.081238 0.875822
vt 0.482893 0.810563
vt 0.345164 0.916774
vt 0.081171 0.840304
vt 0.483745 0.801190
vt 0.345178 0.914338
vt 0.102960 0.798702
vt 0.081131 0.798702
vt 0.081247 0.768401
vt 0.424175 0.834274
vt 0.432649 0.834256
vt 0.432649 0.855740
vt 0.763436 0.882128
vt 0.483169 0.822350
vt 0.421067 0.855736
vt 0.421067 0.834260
vt 0.424175 0.834274
vt 0.763301 0.716247
vt 0.483661 0.818390
vt 0.054966 0.851231
vt 0.047354 0.851242
vt 0.047354 0.829766
vt 0.763365 0.680584
vt 0.245920 0.949994
vt 0.763352 0.633708
vt 0.482961 0.841903
vt 0.245909 0.961529
vt 0.763352 0.594738
vt 0.483739 0.836463
vt 0.245930 0.967861
vt 0.625890 0.843677
vt 0.534055 0.909381
vt 0.625893 0.865965
vt 0.482842 0.872739
vt 0.754880 0.817022
vt 0.762514 0.817009
vt 0.762514 0.838491
vt 0.629531 0.896922
vt 0.483677 0.861973
vt 0.678261 0.767744
vt 0.662530 0.767756
vt 0.662530 0.746300
vt 0.274499 0.949994
vt 0.245896 0.946335
vt 0.245896 0.924835
vt 0.300988 0.722892
vt 0.591704 0.591561
vt 0.600052 0.591587
vt 0.600052 0.613019
vt 0.555736 0.814661
vt 0.483617 0.902533
vt 0.478621 0.974924
vt 0.460116 0.974920
vt 0.460116 0.953436
vt 0.555825 0.861375
vt 0.483617 0.891123
vt 0.483728 0.912994
vt 0.555811 0.909381
vt 0.829896 0.721399
vt 0.817585 0.721456
vt 0.817585 0.699521
vt 0.483617 0.921089
vt 0.460062 0.824096
vt 0.483718 0.930900
vt 0.460032 0.854772
vt 0.234403 0.815945
vt 0.244729 0.817241
vt 0.244729 0.839061
vt 0.483760 0.956878
vt 0.460116 0.889852
vt 0.303352 0.700008
vt 0.303352 0.721944
vt 0.286222 0.721717
vt 0.391830 0.952298
vt 0.459954 0.908267
vt 0.391830 0.937031
vt 0.711313 0.966693
vt 0.202882 0.873903
vt 0.392217 0.915076
vt 0.785080 0.905581
vt 0.882566 0.836593
vt 0.734798 0.930587
vt 0.785065 0.926840
vt 0.734579 0.926973
vt 0.785168 0.940884
vt 0.202865 0.906831
vt 0.734496 0.886136
vt 0.785030 0.948854
vt 0.883976 0.859158
vt 0.734529 0.848585
vt 0.421067 0.812419
vt 0.734436 0.828197
vt 0.301699 0.767217
vt 0.286222 0.767036
vt 0.286222 0.745450
vt 0.203253 0.934004
vt 0.124749 0.903953
vt 0.000078 0.949633
vt 0.883966 0.893351
vt 0.124788 0.845808
vt 0.533750 0.914033
vt 0.124751 0.808384
vt 0.533770 0.937582
vt 0.907618 0.946855
vt 0.124751 0.808384
vt 0.533770 0.937582
vt 0.234570 0.963051
vt 0.398864 0.908933
vt 0.459825 0.908267
vt 0.432800 0.812419
vt 0.398775 0.943783
vt 0.459808 0.956335
vt 0.907671 0.929401
vt 0.555825 0.827322
vt 0.566766 0.828030
vt 0.566766 0.849630
vt 0.301381 0.938567
vt 0.234686 0.944924
vt 0.570105 0.787662
vt 0.570105 0.809896
vt 0.555825 0.809542
vt 0.301376 0.929609
vt 0.829452 0.766473
vt 0.817585 0.766238
vt 0.817585 0.744707
vt 0.301070 0.914338
vt 0.595153 0.865668
vt 0.735072 0.943590
vt 0.325281 0.842883
vt 0.325518 0.864146
vt 0.303352 0.864146
vt 0.907161 0.836593
vt 0.734969 0.931632
vt 0.398822 0.893424
vt 0.077367 0.939024
vt 0.595407 0.878955
vt 0.077382 0.953146
vt 0.399000 0.871977
vt 0.907488 0.854726
vt 0.077305 0.959147
vt 0.325281 0.842883
vt 0.629531 0.812549
vt 0.639328 0.812639
vt 0.639328 0.834170
vt 0.595265 0.893144
vt 0.180349 0.946968
vt 0.399001 0.852311
vt 0.907452 0.893788
vt 0.180464 0.934004
vt 0.325461 0.819489
vt 0.555825 0.872551
vt 0.566390 0.872512
vt 0.566390 0.894328
vt 0.830778 0.638182
vt 0.817585 0.638186
vt 0.817585 0.616708
vt 0.132403 0.928589
vt 0.006772 0.755925
vt 0.810024 0.594738
vn 0.000000 -0.630259 -0.776385
vn -0.548986 0.630260 -0.548986
vn 0.000000 0.630259 -0.776385
vn 0.000000 -0.630259 0.776385
vn 0.548986 0.630260 0.548986
vn 0.000000 0.630259 0.776385
vn 0.776385 -0.630259 0.000000
vn 0.548986 0.630260 -0.548986
vn 0.776385 0.630259 0.000000
vn 0.776385 -0.630259 0.000000
vn 0.000000 -0.630259 0.776385
vn -0.776385 -0.630259 0.000000
vn -0.548986 -0.630260 0.548986
vn -0.548986 0.630260 0.548986
vn 0.548986 -0.630260 -0.548986
vn 0.548986 0.630260 -0.548986
vn 0.000000 0.630259 0.776385
vn 0.548986 0.630260 -0.548986
vn -0.548986 0.630260 -0.548986
vn -0.776385 -0.630259 0.000000
vn -0.548986 0.630260 0.548986
vn -0.776385 0.630259 0.000000
vn -0.548986 -0.630260 -0.548986
vn -0.548986 0.630260 -0.548986
vn 0.548986 -0.630260 0.548986
vn 0.548986 0.630260 0.548986
vn 0.000000 0.929594 0.368584
vn 0.514647 0.514647 0.685768
vn 0.657323 0.657323 0.368581
vn 0.000000 0.421072 0.907027
vn 0.000000 0.000000 1.000000
vn 0.297744 0.297744 0.907026
vn 0.000000 0.000000 -1.000000
vn 0.000000 0.421046 -0.907039
vn 0.297719 0.297719 -0.907043
vn 0.000000 0.929594 -0.368584
vn 0.514647 0.514647 -0.685768
vn 0.000000 0.727822 -0.685767
vn 0.707107 0.707107 0.000000
vn 0.000000 1.000000 0.000000
vn 0.000000 0.727822 0.685767
vn 0.297744 0.297744 0.907026
vn 0.000000 0.929594 -0.368584
vn 0.657323 0.657323 -0.368581
vn 0.657323 0.657323 -0.368581
vn 0.727822 0.000000 -0.685767
vn 0.514647 0.514647 -0.685768
vn 0.657323 0.657323 0.368581
vn 1.000000 0.000000 0.000000
vn 0.707107 0.707107 0.000000
vn 0.727822 0.000000 0.685767
vn 0.514647 0.514647 0.685768
vn 0.727822 0.000000 -0.685767
vn 0.421046 0.000000 -0.907039
vn 0.929594 0.000000 -0.368584
vn 0.727822 0.000000 0.685767
vn 0.929594 0.000000 0.368584
vn 0.421072 0.000000 0.907027
vn 0.297719 -0.297719 -0.907043
vn 0.657323 -0.657323 -0.368581
vn 0.657323 -0.657323 0.368581
vn 0.297744 -0.297744 0.907026
vn 0.514647 -0.514647 -0.685768
vn 0.707107 -0.707107 0.000000
vn 0.514647 -0.514647 0.685768
vn 0.707107 -0.707107 0.000000
vn 0.000000 -0.929594 -0.368584
vn 0.657323 -0.657323 -0.368581
vn 0.000000 -0.929594 0.368584
vn 0.657323 -0.657323 0.368581
vn 0.000000 -0.421072 0.907027
vn 0.000000 -0.421046 -0.907039
vn 0.514647 -0.514647 -0.685768
vn 0.000000 -0.727822 -0.685767
vn 0.000000 -0.929594 0.368584
vn 0.000000 -1.000000 0.000000
vn 0.000000 -0.727822 0.685767
vn 0.297719 -0.297719 -0.907043
vn 0.000000 -0.421046 -0.907039
vn -0.297719 -0.297719 -0.907043
vn -0.514647 -0.514647 -0.685768
vn -0.707107 -0.707107 0.000000
vn -0.297744 -0.297744 0.907026
vn -0.514647 -0.514647 0.685768
vn -0.297719 -0.297719 -0.907043
vn -0.657323 -0.657323 -0.368581
vn -0.657323 -0.657323 0.368581
vn -0.657323 -0.657323 0.368581
vn -1.000000 0.000000 0.000000
vn -0.707107 -0.707107 0.000000
vn -0.727822 0.000000 0.685767
vn -0.727822 -0.000000 -0.685767
vn -0.421046 -0.000000 -0.907039
vn -0.657323 -0.657323 -0.368581
vn -0.929594 -0.000000 -0.368584
vn -0.727822 0.000000 0.685767
vn -0.929594 0.000000 0.368584
vn -0.421072 0.000000 0.907027
vn -0.727822 -0.000000 -0.685767
vn -0.514647 -0.514647 -0.685768
vn -0.297719 0.297719 -0.907043
vn -0.657323 0.657323 -0.368581
vn -0.657323 0.657323 0.368581
vn -0.297744 0.297744 0.907026
vn -0.514647 0.514647 -0.685768
vn -0.707107 0.707107 0.000000
vn -0.514647 0.514647 0.685768
vn -0.514647 0.514647 0.685768
vn -0.657323 0.657323 0.368581
vn -0.514647 0.514647 -0.685768
vn -0.707107 0.707107 0.000000
vn -0.297744 0.297744 0.907026
vn -0.657323 0.657323 -0.368581
vn -0.999368 -0.035549 -0.000000
vn -0.999368 -0.035549 -0.000000
vn -0.999368 -0.035549 -0.000000
vn -0.999676 -0.025447 0.000000
vn -0.999676 -0.025447 0.000000
vn -0.999676 -0.025447 0.000000
vn -0.994406 -0.105622 0.000000
vn -0.994406 -0.105622 0.000000
vn -0.994406 -0.105622 0.000000
vn -0.997661 -0.068358 0.000000
vn -0.997661 -0.068358 0.000000
vn -0.997661 -0.068358 0.000000
vn 0.999368 -0.035558 0.000006
vn 0.999368 -0.035558 0.000006
vn 0.999368 -0.035558 0.000006
vn 0.999676 -0.025447 0.000000
vn 0.999676 -0.025447 0.000000
vn 0.999676 -0.025447 0.000000
vn 0.994406 -0.105621 0.000000
vn 0.994406 -0.105621 0.000000
vn 0.994406 -0.105621 0.000000
vn 0.997661 -0.068358 0.000000
vn 0.997661 -0.068358 0.000000
vn 0.997661 -0.068358 0.000000
vn 0.000000 -1.000000 0.000000
vn 0.000000 -1.000000 0.000000
vn 0.000000 -1.000000 0.000000
vn -0.754241 -0.007782 0.656551
vn 0.751337 -0.240313 0.614608
vn -0.751337 -0.240313 0.614608
vn -0.577187 0.510044 -0.637738
vn 0.672154 -0.269606 -0.689581
vn -0.672154 -0.269607 -0.689580
vn -0.754241 -0.007782 -0.656551
vn 0.543885 -0.499144 -0.674570
vn -0.543885 -0.499144 -0.674570
vn -0.672154 -0.269607 0.689580
vn 0.672154 -0.269606 0.689581
vn 0.751337 -0.240313 -0.614608
vn 0.754241 -0.007782 -0.656551
vn -0.577187 0.510044 0.637738
vn 0.577187 0.510044 0.637738
vn 0.000000 1.000000 -0.000021
vn 0.000000 1.000000 -0.000021
vn 0.000000 1.000000 -0.000021
vn -0.543885 -0.499144 0.674570
vn 0.754241 -0.007782 0.656551
vn -0.672154 -0.269607 -0.689580
vn 0.751337 -0.240313 -0.614608
vn -0.751337 -0.240313 -0.614608
vn -0.992513 0.122136 0.000000
vn -0.992513 0.122136 0.000000
vn -0.992513 0.122136 0.000000
vn -0.999234 -0.039122 0.000000
vn -0.999234 -0.039122 0.000000
vn -0.999234 -0.039122 0.000000
vn 0.992513 0.122136 0.000000
vn 0.992513 0.122136 0.000000
vn 0.992513 0.122136 0.000000
vn 0.999234 -0.039122 0.000000
vn 0.999234 -0.039122 0.000000
vn 0.999234 -0.039122 0.000000
vn -0.650290 0.055940 -0.757624
vn 0.558170 0.707441 -0.433559
vn 0.650290 0.055940 -0.757624
vn -0.650290 0.055940 0.757624
vn 0.524812 -0.851218 0.000000
vn 0.650290 0.055940 0.757624
vn -0.650290 0.055940 0.757624
vn 0.558170 0.707441 0.433559
vn -0.558170 0.707441 0.433559
vn 0.524812 -0.851218 0.000000
vn -0.524812 -0.851218 0.000000
vn 1.000000 0.000000 0.000000
vn 1.000000 0.000000 0.000000
vn 1.000000 0.000000 0.000000
vn 1.000000 0.000000 0.000000
vn 1.000000 0.000000 0.000000
vn 1.000000 0.000000 0.000000
vn 1.000000 0.000000 0.000000
vn 1.000000 0.000000 0.000000
vn 1.000000 0.000000 0.000000
vn 1.000000 0.000000 0.000000
vn 1.000000 0.000000 0.000000
vn 1.000000 0.000000 0.000000
vn 1.000000 0.000000 0.000000
vn 1.000000 0.000000 0.000000
vn 1.000000 0.000000 0.000000
vn 1.000000 0.000000 0.000000
vn 1.000000 0.000000 0.000000
vn 1.000000 0.000000 0.000000
vn 1.000000 0.000000 0.000000
vn 1.000000 0.000000 0.000000
vn 1.000000 0.000000 0.000000
vn 1.000000 0.000000 0.000000
vn 1.000000 0.000000 0.000000
vn 1.000000 0.000000 0.000000
vn 1.000000 0.000000 0.000000
vn 1.000000 0.000000 0.000000
vn 1.000000 0.000000 0.000000
vn 1.000000 0.000000 0.000000
vn 1.000000 0.000000 0.000000
vn 1.000000 0.000000 0.000000
vn 1.000000 0.000000 0.000000
vn 1.000000 0.000000 0.000000
vn 1.000000 0.000000 0.000000
vn 1.000000 0.000000 0.000000
vn 1.000000 0.000000 0.000000
vn 1.000000 0.000000 0.000000
vn 1.000000 0.000000 0.000000
vn 1.000000 0.000000 0.000000
vn 1.000000 0.000000 0.000000
vn 1.000000 0.000000 0.000000
vn 1.000000 0.000000 0.000000
vn 1.000000 0.000000 0.000000
vn 1.000000 0.000000 0.000000
vn 1.000000 0.000000 0.000000
vn 1.000000 0.000000 0.000000
vn 1.000000 0.000000 0.000000
vn 1.000000 0.000000 0.000000
vn 1.000000 0.000000 0.000000
vn 1.000000 0.000000 0.000000
vn 1.000000 0.000000 0.000000
vn 1.000000 0.000000 0.000000
vn 1.000000 0.000000 0.000000
vn 1.000000 0.000000 0.000000
vn 1.000000 0.000000 0.000000
vn 1.000000 0.000000 0.000000
vn 1.000000 0.000000 0.000000
vn 1.000000 0.000000 0.000000
vn 1.000000 0.000000 0.000000
vn 1.000000 0.000000 0.000000
vn 1.000000 0.000000 0.000000
vn 1.000000 0.000000 0.000000
vn 1.000000 0.000000 0.000000
vn 1.000000 0.000000 0.000000
vn 1.000000 0.000000 0.000000
vn 1.000000 0.000000 0.000000
vn 1.000000 0.000000 0.000000
vn 1.000000 0.000000 0.000000
vn 1.000000 0.000000 0.000000
vn 1.000000 0.000000 0.000000
vn 1.000000 0.000000 0.000000
vn 1.000000 0.000000 0.000000
vn 1.000000 0.000000 0.000000
vn 1.000000 0.000000 0.000000
vn 1.000000 0.000000 0.000000
vn 1.000000 0.000000 0.000000
vn 1.000000 0.000000 0.000000
vn 1.000000 0.000000 0.000000
vn 1.000000 0.000000 0.000000
vn 1.000000 0.000000 0.000000
vn 1.000000 0.000000 0.000000
vn 1.000000 0.000000 0.000000
vn 1.000000 0.000000 0.000000
vn 1.000000 0.000000 0.000000
vn 1.000000 0.000000 0.000000
vn 1.000000 0.000000 0.000000
vn 1.000000 0.000000 0.000000
vn 1.000000 0.000000 0.000000
vn 1.000000 0.000000 0.000000
vn 1.000000 0.000000 0.000000
vn 1.000000 0.000000 0.000000
vn 1.000000 0.000000 0.000000
vn 1.000000 0.000000 0.000000
vn 1.000000 0.000000 0.000000
vn 1.000000 0.000000 0.000000
vn 1.000000 0.000000 0.000000
vn 1.000000 0.000000 0.000000
vn 1.000000 0.000000 0.000000
vn 1.000000 0.000000 0.000000
vn 1.000000 0.000000 0.000000
vn 1.000000 0.000000 0.000000
vn 1.000000 0.000000 0.000000
vn 1.000000 0.000000 0.000000
vn 1.000000 0.000000 0.000000
vn 1.000000 0.000000 0.000000
vn 1.000000 0.000000 0.000000
vn 1.000000 0.000000 0.000000
vn 1.000000 0.000000 0.000000
vn 1.000000 0.000000 0.000000
vn 1.000000 0.000000 0.000000
vn 1.000000 0.000000 0.000000
vn 1.000000 0.000000 0.000000
vn 1.000000 0.000000 0.000000
vn 1.000000 0.000000 0.000000
vn 1.000000 0.000000 0.000000
vn 1.000000 0.000000 0.000000
vn 1.000000 0.000000 0.000000
vn 1.000000 0.000000 0.000000
vn 1.000000 0.000000 0.000000
vn 1.000000 0.000000 0.000000
vn 1.000000 0.000000 0.000000
vn 1.000000 0.000000 0.000000
vn 1.000000 0.000000 0.000000
vn 1.000000 0.000000 0.000000
vn 1.000000 0.000000 0.000000
vn 1.000000 0.000000 0.000000
vn 1.000000 0.000000 0.000000
vn 1.000000 0.000000 0.000000
vn 1.000000 0.000000 0.000000
vn 1.000000 0.000000 0.000000
vn 1.000000 0.000000 0.000000
vn 1.000000 0.000000 0.000000
vn 1.000000 0.000000 0.000000
vn 1.000000 0.000000 0.000000
vn -1.000000 0.000000 0.000000
vn -1.000000 0.000000 0.000000
vn -1.000000 0.000000 0.000000
vn -1.000000 0.000000 0.000000
vn -1.000000 0.000000 0.000000
vn -1.000000 0.000000 0.000000
vn -1.000000 0.000000 0.000000
vn -1.000000 0.000000 0.000000
vn -1.000000 0.000000 0.000000
vn -1.000000 0.000000 0.000000
vn -1.000000 0.000000 0.000000
vn -1.000000 0.000000 0.000000
vn -1.000000 0.000000 0.000000
vn -1.000000 0.000000 0.000000
vn -1.000000 0.000000 0.000000
vn -1.000000 0.000000 0.000000
vn -1.000000 0.000000 0.000000
vn -1.000000 0.000000 0.000000
vn -1.000000 0.000000 0.000000
vn -1.000000 0.000000 0.000000
vn -1.000000 0.000000 0.000000
vn -1.000000 0.000000 0.000000
vn -1.000000 0.000000 0.000000
vn -1.000000 0.000000 0.000000
vn -1.000000 0.000000 0.000000
vn -1.000000 0.000000 0.000000
vn -1.000000 0.000000 0.000000
vn -1.000000 0.000000 0.000000
vn -1.000000 0.000000 0.000000
vn -1.000000 0.000000 0.000000
vn -1.000000 0.000000 0.000000
vn -1.000000 0.000000 0.000000
vn -1.000000 0.000000 0.000000
vn -1.000000 0.000000 0.000000
vn -1.000000 0.000000 0.000000
vn -1.000000 0.000000 0.000000
vn -1.000000 0.000000 0.000000
vn -1.000000 0.000000 0.000000
vn -1.000000 0.000000 0.000000
vn -1.000000 0.000000 0.000000
vn -1.000000 0.000000 0.000000
vn -1.000000 0.000000 0.000000
vn -1.000000 0.000000 0.000000
vn -1.000000 0.000000 0.000000
vn -1.000000 0.000000 0.000000
vn -1.000000 0.000000 0.000000
vn -1.000000 0.000000 0.000000
vn -1.000000 0.000000 0.000000
vn -1.000000 0.000000 0.000000
vn -1.000000 0.000000 0.000000
vn -1.000000 0.000000 0.000000
vn -1.000000 0.000000 0.000000
vn -1.000000 0.000000 0.000000
vn -1.000000 0.000000 0.000000
vn -1.000000 0.000000 0.000000
vn -1.000000 0.000000 0.000000
vn -1.000000 0.000000 0.000000
vn -1.000000 0.000000 0.000000
vn -1.000000 0.000000 0.000000
vn -1.000000 0.000000 0.000000
vn -1.000000 0.000000 0.000000
vn -1.000000 0.000000 0.000000
vn -1.000000 0.000000 0.000000
vn -1.000000 0.000000 0.000000
vn -1.000000 0.000000 0.000000
vn -1.000000 0.000000 0.000000
vn -1.000000 0.000000 0.000000
vn -1.000000 0.000000 0.000000
vn -1.000000 0.000000 0.000000
vn -1.000000 0.000000 0.000000
vn -1.000000 0.000000 0.000000
vn -1.000000 0.000000 0.000000
vn -1.000000 0.000000 0.000000
vn -1.000000 0.000000 0.000000
vn -1.000000 0.000000 0.000000
vn -1.000000 0.000000 0.000000
vn -1.000000 0.000000 0.000000
vn -1.000000 0.000000 0.000000
vn -1.000000 0.000000 0.000000
vn -1.000000 0.000000 0.000000
vn -1.000000 0.000000 0.000000
vn -1.000000 0.000000 0.000000
vn -1.000000 0.000000 0.000000
vn -1.000000 0.000000 0.000000
vn -1.000000 0.000000 0.000000
vn -1.000000 0.000000 0.000000
vn -1.000000 0.000000 0.000000
vn -1.000000 0.000000 0.000000
vn -1.000000 0.000000 0.000000
vn -1.000000 0.000000 0.000000
vn -1.000000 0.000000 0.000000
vn -1.000000 0.000000 0.000000
vn -1.000000 0.000000 0.000000
vn -1.000000 0.000000 0.000000
vn -1.000000 0.000000 0.000000
vn -1.000000 0.000000 0.000000
vn -1.000000 0.000000 0.000000
vn -1.000000 0.000000 0.000000
vn -1.000000 0.000000 0.000000
vn -1.000000 0.000000 0.000000
vn -1.000000 0.000000 0.000000
vn -1.000000 0.000000 0.000000
vn -1.000000 0.000000 0.000000
vn -1.000000 0.000000 0.000000
vn -1.000000 0.000000 0.000000
vn -1.000000 0.000000 0.000000
vn -1.000000 0.000000 0.000000
vn -1.000000 0.000000 0.000000
vn -1.000000 0.000000 0.000000
vn -1.000000 0.000000 0.000000
vn -1.000000 0.000000 0.000000
vn -1.000000 0.000000 0.000000
vn -1.000000 0.000000 0.000000
vn -1.000000 0.000000 0.000000
vn -1.000000 0.000000 0.000000
vn -1.000000 0.000000 0.000000
vn -1.000000 0.000000 0.000000
vn -1.000000 0.000000 0.000000
vn -1.000000 0.000000 0.000000
vn -1.000000 0.000000 0.000000
vn -1.000000 0.000000 0.000000
vn -1.000000 0.000000 0.000000
vn -1.000000 0.000000 0.000000
vn -1.000000 0.000000 0.000000
vn -1.000000 0.000000 0.000000
vn -1.000000 0.000000 0.000000
vn -1.000000 0.000000 0.000000
vn -1.000000 0.000000 0.000000
vn -1.000000 0.000000 0.000000
vn -1.000000 0.000000 0.000000
vn -1.000000 0.000000 0.000000
vn -1.000000 0.000000 0.000000
vn -1.000000 0.000000 0.000000
vn -1.000000 0.000000 0.000000
vn -1.000000 0.000000 0.000000
vn -1.000000 0.000000 0.000000
vn 0.000000 0.357050 0.934085
vn 0.000000 0.357050 0.934085
vn 0.000000 0.357050 0.934085
vn 0.000000 -0.915074 0.403285
vn 0.000000 -0.915074 0.403285
vn 0.000000 -0.915074 0.403285
vn 0.000000 0.998726 0.050460
vn 0.000000 0.998726 0.050460
vn 0.000000 0.998726 0.050460
vn 0.000000 -0.356728 -0.934208
vn 0.000000 -0.356728 -0.934208
vn 0.000000 -0.356728 -0.934208
vn 0.000000 -0.992558 -0.121775
vn 0.000000 -0.992558 -0.121775
vn 0.000000 -0.992558 -0.121775
vn 0.000000 -0.998710 -0.050786
vn 0.000000 -0.998710 -0.050786
vn 0.000000 -0.998710 -0.050786
vn 0.000000 -0.755590 -0.655045
vn 0.000000 -0.755590 -0.655045
vn 0.000000 -0.755590 -0.655045
vn 0.000000 -0.616607 -0.787271
vn 0.000000 -0.616607 -0.787271
vn 0.000000 -0.616607 -0.787271
vn 0.000000 -0.155318 -0.987865
vn 0.000000 -0.155318 -0.987865
vn 0.000000 -0.155318 -0.987865
vn 0.000000 0.999716 0.023823
vn 0.000000 0.999716 0.023823
vn 0.000000 0.999716 0.023823
vn 0.000000 -0.705191 0.709017
vn 0.000000 -0.705191 0.709017
vn 0.000000 -0.705191 0.709017
vn 0.000000 0.827868 -0.560923
vn 0.000000 0.827868 -0.560923
vn 0.000000 0.827868 -0.560923
vn 0.000000 -0.999781 -0.020936
vn 0.000000 -0.999781 -0.020936
vn 0.000000 -0.999781 -0.020936
vn 0.000000 0.745458 -0.666552
vn 0.000000 0.745458 -0.666552
vn 0.000000 0.745458 -0.666552
vn 0.000000 0.940966 -0.338502
vn 0.000000 0.940966 -0.338502
vn 0.000000 0.940966 -0.338502
vn 0.000000 0.012462 -0.999922
vn 0.000000 0.012462 -0.999922
vn 0.000000 0.012462 -0.999922
vn 0.000000 0.940931 -0.338598
vn 0.000000 0.940931 -0.338598
vn 0.000000 0.940931 -0.338598
vn 0.000000 0.999574 -0.029184
vn 0.000000 0.999574 -0.029184
vn 0.000000 0.999574 -0.029184
vn 0.000000 0.976098 -0.217329
vn 0.000000 0.976098 -0.217329
vn 0.000000 0.976098 -0.217329
vn 0.000000 -0.941751 0.336312
vn 0.000000 -0.941751 0.336312
vn 0.000000 -0.941751 0.336312
vn 0.000000 -0.999828 0.018526
vn 0.000000 -0.999828 0.018526
vn 0.000000 -0.999828 0.018526
vn 0.000000 0.851659 0.524096
vn 0.000000 0.851659 0.524096
vn 0.000000 0.851659 0.524096
vn 0.000000 0.633306 0.773901
vn 0.000000 0.633306 0.773901
vn 0.000000 0.633306 0.773901
vn 0.000000 0.918382 -0.395695
vn 0.000000 0.918382 -0.395695
vn 0.000000 0.918382 -0.395695
vn 0.000000 0.977436 0.211231
vn 0.000000 0.977436 0.211231
vn 0.000000 0.977436 0.211231
vn 0.000000 -0.228285 0.973594
vn 0.000000 -0.228285 0.973594
vn 0.000000 -0.228285 0.973594
vn 0.000000 -0.918416 0.395616
vn 0.000000 -0.918416 0.395616
vn 0.000000 -0.918416 0.395616
vn 0.000000 -0.971655 -0.236402
vn 0.000000 -0.971655 -0.236402
vn 0.000000 -0.971655 -0.236402
vn 0.000000 -0.960740 0.277452
vn 0.000000 -0.960740 0.277452
vn 0.000000 -0.960740 0.277452
vn 0.000000 -0.998307 0.058157
vn 0.000000 -0.998307 0.058157
vn 0.000000 -0.998307 0.058157
vn 0.000000 0.912824 -0.408353
vn 0.000000 0.912824 -0.408353
vn 0.000000 0.912824 -0.408353
vn 0.000000 0.852150 0.523298
vn 0.000000 0.852150 0.523298
vn 0.000000 0.852150 0.523298
vn 0.000000 -0.935258 -0.353967
vn 0.000000 -0.935258 -0.353967
vn 0.000000 -0.935258 -0.353967
vn 0.000000 -0.913757 0.406261
vn 0.000000 -0.913757 0.406261
vn 0.000000 -0.913757 0.406261
vn 0.000000 -0.856611 -0.515963
vn 0.000000 -0.856611 -0.515963
vn 0.000000 -0.856611 -0.515963
vn 0.000000 -0.733656 -0.679521
vn 0.000000 -0.733656 -0.679521
vn 0.000000 -0.733656 -0.679521
vn 0.000000 0.016857 -0.999858
vn 0.000000 0.016857 -0.999858
vn 0.000000 0.016857 -0.999858
vn 0.000000 0.917757 -0.397142
vn 0.000000 0.917757 -0.397142
vn 0.000000 0.917757 -0.397142
vn 0.000001 0.851409 0.524502
vn 0.000001 0.851409 0.524502
vn 0.000001 0.851409 0.524502
vn 0.000000 0.606570 -0.795030
vn 0.000000 0.606570 -0.795030
vn 0.000000 0.606570 -0.795030
vn 0.000000 -0.862314 0.506374
vn 0.000000 -0.862314 0.506374
vn 0.000000 -0.862314 0.506374
vn 0.000000 -0.850498 -0.525979
vn 0.000000 -0.850498 -0.525979
vn 0.000000 -0.850498 -0.525979
vn 0.000000 1.000000 0.000723
vn 0.000000 1.000000 0.000723
vn 0.000000 1.000000 0.000723
vn -0.000003 0.301999 0.953308
vn -0.000003 0.301999 0.953308
vn -0.000003 0.301999 0.953308
vn 0.000000 0.982711 0.185146
vn 0.000000 0.982711 0.185146
vn 0.000000 0.982711 0.185146
vn -0.000003 0.307840 -0.951438
vn -0.000003 0.307840 -0.951438
vn -0.000003 0.307840 -0.951438
vn 0.000001 0.637438 0.770502
vn 0.000001 0.637438 0.770502
vn 0.000001 0.637438 0.770502
vn 0.000000 0.941308 0.337549
vn 0.000000 0.941308 0.337549
vn 0.000000 0.941308 0.337549
vn 0.000000 -0.775008 0.631952
vn 0.000000 -0.775008 0.631952
vn 0.000000 -0.775008 0.631952
vn 0.000000 -0.637187 -0.770709
vn 0.000000 -0.637187 -0.770709
vn 0.000000 -0.637187 -0.770709
vn 0.000000 0.583171 -0.812349
vn 0.000000 0.583171 -0.812349
vn 0.000000 0.583171 -0.812349
vn 0.000000 0.636044 -0.771653
vn 0.000000 0.636044 -0.771653
vn 0.000000 0.636044 -0.771653
vn 0.000000 0.432186 0.901784
vn 0.000000 0.432186 0.901784
vn 0.000000 0.432186 0.901784
vn 0.000000 0.940015 -0.341134
vn 0.000000 0.940015 -0.341134
vn 0.000000 0.940015 -0.341134
vn 0.000000 -0.424254 -0.905543
vn 0.000000 -0.424254 -0.905543
vn 0.000000 -0.424254 -0.905543
vn 0.000000 0.426404 0.904533
vn 0.000000 0.426404 0.904533
vn 0.000000 0.426404 0.904533
vn 0.000000 -0.362791 0.931871
vn 0.000000 -0.362791 0.931871
vn 0.000000 -0.362791 0.931871
vn 0.000000 0.353164 0.935562
vn 0.000000 0.353164 0.935562
vn 0.000000 0.353164 0.935562
vn 0.000000 -0.063989 0.997951
vn 0.000000 -0.063989 0.997951
vn 0.000000 -0.063989 0.997951
vn 0.000000 -0.353341 -0.935495
vn 0.000000 -0.353341 -0.935495
vn 0.000000 -0.353341 -0.935495
vn 0.000000 0.291973 0.956427
vn 0.000000 0.291973 0.956427
vn 0.000000 0.291973 0.956427
vn 0.000000 0.301805 0.953370
vn 0.000000 0.301805 0.953370
vn 0.000000 0.301805 0.953370
vn 0.000000 0.221290 0.975208
vn 0.000000 0.221290 0.975208
vn 0.000000 0.221290 0.975208
vn 0.000000 -0.988689 0.149980
vn 0.000000 -0.988689 0.149980
vn 0.000000 -0.988689 0.149980
vn -0.000000 -0.221355 -0.975193
vn -0.000000 -0.221355 -0.975193
vn -0.000000 -0.221355 -0.975193
vn 0.000000 -0.809920 -0.586540
vn 0.000000 -0.809920 -0.586540
vn 0.000000 -0.809920 -0.586540
vn 0.000000 -0.910213 0.414141
vn 0.000000 -0.910213 0.414141
vn 0.000000 -0.910213 0.414141
vn 0.000000 -0.776365 -0.630284
vn 0.000000 -0.776365 -0.630284
vn 0.000000 -0.776365 -0.630284
vn 0.000000 0.058670 0.998277
vn 0.000000 0.058670 0.998277
vn 0.000000 0.058670 0.998277
vn 0.000000 -0.030627 -0.999531
vn 0.000000 -0.030627 -0.999531
vn 0.000000 -0.030627 -0.999531
vn 0.000000 -0.058698 -0.998276
vn 0.000000 -0.058698 -0.998276
vn 0.000000 -0.058698 -0.998276
vn 0.000000 -0.070671 -0.997500
vn 0.000000 -0.070671 -0.997500
vn 0.000000 -0.070671 -0.997500
vn -0.000001 0.162165 0.986764
vn -0.000001 0.162165 0.986764
vn -0.000001 0.162165 0.986764
vn 0.000000 0.696770 -0.717295
vn 0.000000 0.696770 -0.717295
vn 0.000000 0.696770 -0.717295
vn 0.000000 0.979544 0.201232
vn 0.000000 0.979544 0.201232
vn 0.000000 0.979544 0.201232
vn 0.000000 0.360091 -0.932917
vn 0.000000 0.360091 -0.932917
vn 0.000000 0.360091 -0.932917
vn 0.000000 0.946303 -0.323281
vn 0.000000 0.946303 -0.323281
vn 0.000000 0.946303 -0.323281
vn -0.000001 -0.297217 0.954810
vn -0.000001 -0.297217 0.954810
vn -0.000001 -0.297217 0.954810
vn 0.000000 0.462687 -0.886522
vn 0.000000 0.462687 -0.886522
vn 0.000000 0.462687 -0.886522
vn 0.000001 0.506581 -0.862192
vn 0.000001 0.506581 -0.862192
vn 0.000001 0.506581 -0.862192
vn 0.000000 0.999700 -0.024493
vn 0.000000 0.999700 -0.024493
vn 0.000000 0.999700 -0.024493
vn 0.000000 0.681306 -0.731999
vn 0.000000 0.681306 -0.731999
vn 0.000000 0.681306 -0.731999
vn 0.000000 -0.440906 0.897553
vn 0.000000 -0.440906 0.897553
vn 0.000000 -0.440906 0.897553
vn 0.000000 0.959909 0.280310
vn 0.000000 0.959909 0.280310
vn 0.000000 0.959909 0.280310
vn 0.000000 0.074117 -0.997250
vn 0.000000 0.074117 -0.997250
vn 0.000000 0.074117 -0.997250
vn 0.000000 0.443155 -0.896445
vn 0.000000 0.443155 -0.896445
vn 0.000000 0.443155 -0.896445
vn 0.000000 0.637296 0.770619
vn 0.000000 0.637296 0.770619
vn 0.000000 0.637296 0.770619
vn 0.000001 0.583733 -0.811945
vn 0.000001 0.583733 -0.811945
vn 0.000001 0.583733 -0.811945
vn 0.000000 0.985242 0.171165
vn 0.000000 0.985242 0.171165
vn 0.000000 0.985242 0.171165
vn 0.000000 0.791707 -0.610902
vn 0.000000 0.791707 -0.610902
vn 0.000000 0.791707 -0.610902
vn 0.000000 -0.543530 0.839390
vn 0.000000 -0.543530 0.839390
vn 0.000000 -0.543530 0.839390
vn 0.000000 0.752293 0.658829
vn 0.000000 0.752293 0.658829
vn 0.000000 0.752293 0.658829
vn 0.000000 -0.590989 -0.806680
vn 0.000000 -0.590989 -0.806680
vn 0.000000 -0.590989 -0.806680
vn 0.000000 0.543588 -0.839352
vn 0.000000 0.543588 -0.839352
vn 0.000000 0.543588 -0.839352
vn 0.000000 0.989667 -0.143382
vn 0.000000 0.989667 -0.143382
vn 0.000000 0.989667 -0.143382
vn -0.000001 0.452105 -0.891965
vn -0.000001 0.452105 -0.891965
vn -0.000001 0.452105 -0.891965
vn 0.000000 0.994519 0.104560
vn 0.000000 0.994519 0.104560
vn 0.000000 0.994519 0.104560
vn -0.000000 -0.972353 -0.233515
vn -0.000000 -0.972353 -0.233515
vn -0.000000 -0.972353 -0.233515
vn 0.000000 -0.626581 0.779356
vn 0.000000 -0.626581 0.779356
vn 0.000000 -0.626581 0.779356
vn 0.000000 0.799017 0.601308
vn 0.000000 0.799017 0.601308
vn 0.000000 0.799017 0.601308
vn 0.000000 0.357819 -0.933791
vn 0.000000 0.357819 -0.933791
vn 0.000000 0.357819 -0.933791
vn 0.000000 0.626574 -0.779362
vn 0.000000 0.626574 -0.779362
vn 0.000000 0.626574 -0.779362
vn 0.000000 0.994991 0.099963
vn 0.000000 0.994991 0.099963
vn 0.000000 0.994991 0.099963
vn 0.000000 -0.987144 -0.159837
vn 0.000000 -0.987144 -0.159837
vn 0.000000 -0.987144 -0.159837
vn 0.000000 -0.409439 -0.912338
vn 0.000000 -0.409439 -0.912338
vn 0.000000 -0.409439 -0.912338
vn 0.000000 0.911434 -0.411447
vn 0.000000 0.911434 -0.411447
vn 0.000000 0.911434 -0.411447
vn 0.000000 -0.911028 0.412344
vn 0.000000 -0.911028 0.412344
vn 0.000000 -0.911028 0.412344
vn 0.000000 -0.654097 0.756410
vn 0.000000 -0.654097 0.756410
vn 0.000000 -0.654097 0.756410
vn 0.000000 0.681390 -0.731920
vn 0.000000 0.681390 -0.731920
vn 0.000000 0.681390 -0.731920
vn 0.000000 -0.575527 0.817783
vn 0.000000 -0.575527 0.817783
vn 0.000000 -0.575527 0.817783
vn 0.000000 0.659511 -0.751695
vn 0.000000 0.659511 -0.751695
vn 0.000000 0.659511 -0.751695
vn 0.000000 0.606200 -0.795312
vn 0.000000 0.606200 -0.795312
vn 0.000000 0.606200 -0.795312
vn 0.000000 -0.991842 0.127472
vn 0.000000 -0.991842 0.127472
vn 0.000000 -0.991842 0.127472
vn 0.000000 0.971076 -0.238772
vn 0.000000 0.971076 -0.238772
vn 0.000000 0.971076 -0.238772
vn 0.000000 0.410358 -0.911925
vn 0.000000 0.410358 -0.911925
vn 0.000000 0.410358 -0.911925
vn 0.000000 -0.993430 -0.114439
vn 0.000000 -0.993430 -0.114439
vn 0.000000 -0.993430 -0.114439
vn 0.000000 -0.536177 -0.844106
vn 0.000000 -0.536177 -0.844106
vn 0.000000 -0.536177 -0.844106
vn 0.000000 -0.847856 -0.530227
vn 0.000000 -0.847856 -0.530227
vn 0.000000 -0.847856 -0.530227
vn 0.000000 -0.194574 -0.980888
vn 0.000000 -0.194574 -0.980888
vn 0.000000 -0.194574 -0.980888
vn 0.000000 0.142336 -0.989818
vn 0.000000 0.142336 -0.989818
vn 0.000000 0.142336 -0.989818
vn 0.000000 -0.563153 -0.826353
vn 0.000000 -0.563153 -0.826353
vn 0.000000 -0.563153 -0.826353
vn 0.000000 0.170761 0.985312
vn 0.000000 0.170761 0.985312
vn 0.000000 0.170761 0.985312
vn 0.000000 0.879741 -0.475454
vn 0.000000 0.879741 -0.475454
vn 0.000000 0.879741 -0.475454
vn 0.000000 0.078092 -0.996946
vn 0.000000 0.078092 -0.996946
vn 0.000000 0.078092 -0.996946
vn 0.000000 0.072313 -0.997382
vn 0.000000 0.072313 -0.997382
vn 0.000000 0.072313 -0.997382
vn 0.000000 0.899127 -0.437688
vn 0.000000 0.899127 -0.437688
vn 0.000000 0.899127 -0.437688
vn 0.000000 -0.134251 0.990947
vn 0.000000 -0.134251 0.990947
vn 0.000000 -0.134251 0.990947
vn 0.000000 0.178182 -0.983998
vn 0.000000 0.178182 -0.983998
vn 0.000000 0.178182 -0.983998
vn 0.000000 0.478440 0.878120
vn 0.000000 0.478440 0.878120
vn 0.000000 0.478440 0.878120
vn 0.000000 0.137907 -0.990445
vn 0.000000 0.137907 -0.990445
vn 0.000000 0.137907 -0.990445
vn 0.000000 -0.724490 -0.689285
vn 0.000000 -0.724490 -0.689285
vn 0.000000 -0.724490 -0.689285
vn 0.000000 -0.275140 0.961404
vn 0.000000 -0.275140 0.961404
vn 0.000000 -0.275140 0.961404
vn 0.000000 -0.999627 0.027329
vn 0.000000 -0.999627 0.027329
vn 0.000000 -0.999627 0.027329
vn 0.000000 0.337447 -0.941344
vn 0.000000 0.337447 -0.941344
vn 0.000000 0.337447 -0.941344
vn 0.000000 0.976891 0.213738
vn 0.000000 0.976891 0.213738
vn 0.000000 0.976891 0.213738
vn 0.000000 -0.351588 0.936155
vn 0.000000 -0.351588 0.936155
vn 0.000000 -0.351588 0.936155
vn 0.000000 -0.424875 -0.905252
vn 0.000000 -0.424875 -0.905252
vn 0.000000 -0.424875 -0.905252
vn 0.000000 0.166784 -0.985993
vn 0.000000 0.166784 -0.985993
vn 0.000000 0.166784 -0.985993
vn 0.000000 0.337362 -0.941375
vn 0.000000 0.337362 -0.941375
vn 0.000000 0.337362 -0.941375
vn 0.000000 -0.877024 -0.480446
vn 0.000000 -0.877024 -0.480446
vn 0.000000 -0.877024 -0.480446
vn 0.000000 0.987377 -0.158390
vn 0.000000 0.987377 -0.158390
vn 0.000000 0.987377 -0.158390
vn 0.000000 -0.556562 0.830806
vn 0.000000 -0.556562 0.830806
vn 0.000000 -0.556562 0.830806
vn 0.000000 -0.794859 0.606794
vn 0.000000 -0.794859 0.606794
vn 0.000000 -0.794859 0.606794
vn 0.000000 -0.170402 -0.985375
vn 0.000000 -0.170402 -0.985375
vn 0.000000 -0.170402 -0.985375
vn 0.000000 -0.854741 0.519055
vn 0.000000 -0.854741 0.519055
vn 0.000000 -0.854741 0.519055
vn 0.000000 0.462563 -0.886586
vn 0.000000 0.462563 -0.886586
vn 0.000000 0.462563 -0.886586
vn 0.000000 -0.560223 -0.828342
vn 0.000000 -0.560223 -0.828342
vn 0.000000 -0.560223 -0.828342
vn 0.000000 -0.096999 0.995284
vn 0.000000 -0.096999 0.995284
vn 0.000000 -0.096999 0.995284
vn 0.000001 0.696482 -0.717574
vn 0.000001 0.696482 -0.717574
vn 0.000001 0.696482 -0.717574
vn 0.000000 0.527381 0.849629
vn 0.000000 0.527381 0.849629
vn 0.000000 0.527381 0.849629
vn -0.000001 -0.659914 0.751341
vn -0.000001 -0.659914 0.751341
vn -0.000001 -0.659914 0.751341
vn 0.000002 0.795274 -0.606250
vn 0.000002 0.795274 -0.606250
vn 0.000002 0.795274 -0.606250
vn 0.000000 -0.938632 -0.344919
vn 0.000000 -0.938632 -0.344919
vn 0.000000 -0.938632 -0.344919
vn 0.000000 0.994299 0.106629
vn 0.000000 0.994299 0.106629
vn 0.000000 0.994299 0.106629
vn 0.000000 -0.648388 -0.761310
vn 0.000000 -0.648388 -0.761310
vn 0.000000 -0.648388 -0.761310
vn 0.000000 -0.520381 -0.853934
vn 0.000000 -0.520381 -0.853934
vn 0.000000 -0.520381 -0.853934
vn 0.000000 0.833620 0.552339
vn 0.000000 0.833620 0.552339
vn 0.000000 0.833620 0.552339
vn 0.000000 0.686756 0.726888
vn 0.000000 0.686756 0.726888
vn 0.000000 0.686756 0.726888
vn 0.000000 0.014643 -0.999893
vn 0.000000 0.014643 -0.999893
vn 0.000000 0.014643 -0.999893
vn 0.000000 0.884414 0.466703
vn 0.000000 0.884414 0.466703
vn 0.000000 0.884414 0.466703
vn 0.000000 -0.594344 -0.804211
vn 0.000000 -0.594344 -0.804211
vn 0.000000 -0.594344 -0.804211
vn 0.000000 0.702505 0.711678
vn 0.000000 0.702505 0.711678
vn 0.000000 0.702505 0.711678
vn 0.000000 -0.967753 -0.251901
vn 0.000000 -0.967753 -0.251901
vn 0.000000 -0.967753 -0.251901
vn -0.000001 -0.932614 -0.360876
vn -0.000001 -0.932614 -0.360876
vn -0.000001 -0.932614 -0.360876
vn 0.000000 0.498923 0.866646
vn 0.000000 0.498923 0.866646
vn 0.000000 0.498923 0.866646
vn 0.000000 0.967699 0.252110
vn 0.000000 0.967699 0.252110
vn 0.000000 0.967699 0.252110
vn 0.000000 -0.404590 -0.914498
vn 0.000000 -0.404590 -0.914498
vn 0.000000 -0.404590 -0.914498
vn 0.000000 0.264228 0.964460
vn 0.000000 0.264228 0.964460
vn 0.000000 0.264228 0.964460
vn 0.000000 0.072080 -0.997399
vn 0.000000 0.072080 -0.997399
vn 0.000000 0.072080 -0.997399
vn 0.000000 -0.016939 0.999857
vn 0.000000 -0.016939 0.999857
vn 0.000000 -0.016939 0.999857
vn 0.000000 -0.999969 0.007885
vn 0.000000 -0.999969 0.007885
vn 0.000000 -0.999969 0.007885
vn 0.000000 -0.449452 -0.893304
vn 0.000000 -0.449452 -0.893304
vn 0.000000 -0.449452 -0.893304
vn 0.000000 -0.294425 0.955675
vn 0.000000 -0.294425 0.955675
vn 0.000000 -0.294425 0.955675
vn 0.000000 0.999962 -0.008763
vn 0.000000 0.999962 -0.008763
vn 0.000000 0.999962 -0.008763
vn 0.000001 0.171184 -0.985239
vn 0.000001 0.171184 -0.985239
vn 0.000001 0.171184 -0.985239
vn 0.000000 -0.209522 -0.977804
vn 0.000000 -0.209522 -0.977804
vn 0.000000 -0.209522 -0.977804
vn 0.000000 0.525469 -0.850813
vn 0.000000 0.525469 -0.850813
vn 0.000000 0.525469 -0.850813
vn 0.000000 -0.707747 -0.706466
vn 0.000000 -0.707747 -0.706466
vn 0.000000 -0.707747 -0.706466
vn 0.000000 -0.634819 -0.772661
vn 0.000000 -0.634819 -0.772661
vn 0.000000 -0.634819 -0.772661
vn 0.000000 -0.999900 0.014110
vn 0.000000 -0.999900 0.014110
vn 0.000000 -0.999900 0.014110
vn -0.000000 -0.248906 -0.968528
vn -0.000000 -0.248906 -0.968528
vn -0.000000 -0.248906 -0.968528
vn 0.000000 -0.996954 -0.077993
vn 0.000000 -0.996954 -0.077993
vn 0.000000 -0.996954 -0.077993
vn 0.000000 0.997049 -0.076773
vn 0.000000 0.997049 -0.076773
vn 0.000000 0.997049 -0.076773
vn -0.000000 -0.697315 -0.716765
vn -0.000000 -0.697315 -0.716765
vn -0.000000 -0.697315 -0.716765
vn 0.000000 -0.984845 0.173435
vn 0.000000 -0.984845 0.173435
vn 0.000000 -0.984845 0.173435
vn 0.000000 0.824682 -0.565597
vn 0.000000 0.824682 -0.565597
vn 0.000000 0.824682 -0.565597
vn -0.000000 -0.741087 -0.671409
vn -0.000000 -0.741087 -0.671409
vn -0.000000 -0.741087 -0.671409
vn 0.000000 -0.889100 0.457713
vn 0.000000 -0.889100 0.457713
vn 0.000000 -0.889100 0.457713
vn -0.000001 -0.962689 -0.270610
vn -0.000001 -0.962689 -0.270610
vn -0.000001 -0.962689 -0.270610
vn 0.000000 -0.790117 0.612956
vn 0.000000 -0.790117 0.612956
vn 0.000000 -0.790117 0.612956
vn 0.000000 -0.649469 -0.760388
vn 0.000000 -0.649469 -0.760388
vn 0.000000 -0.649469 -0.760388
vn -0.000001 -0.978975 0.203979
vn -0.000001 -0.978975 0.203979
vn -0.000001 -0.978975 0.203979
vn 0.000000 -0.586077 0.810255
vn 0.000000 -0.586077 0.810255
vn 0.000000 -0.586077 0.810255
vn 0.000000 0.473496 0.880796
vn 0.000000 0.473496 0.880796
vn 0.000000 0.473496 0.880796
vn 0.000000 -0.465007 0.885307
vn 0.000000 -0.465007 0.885307
vn 0.000000 -0.465007 0.885307
vn 0.000000 -0.599578 0.800316
vn 0.000000 -0.599578 0.800316
vn 0.000000 -0.599578 0.800316
vn 0.000000 -0.861617 0.507558
vn 0.000000 -0.861617 0.507558
vn 0.000000 -0.861617 0.507558
vn 0.000000 -0.989259 0.146172
vn 0.000000 -0.989259 0.146172
vn 0.000000 -0.989259 0.146172
vn 0.000000 -0.642362 0.766402
vn 0.000000 -0.642362 0.766402
vn 0.000000 -0.642362 0.766402
vn 0.000000 -0.153795 0.988103
vn 0.000000 -0.153795 0.988103
vn 0.000000 -0.153795 0.988103
vn 0.000000 -0.805147 0.593076
vn 0.000000 -0.805147 0.593076
vn 0.000000 -0.805147 0.593076
vn 0.000000 0.663392 -0.748272
vn 0.000000 0.663392 -0.748272
vn 0.000000 0.663392 -0.748272
vn -0.000001 -0.903131 -0.429364
vn -0.000001 -0.903131 -0.429364
vn -0.000001 -0.903131 -0.429364
vn 0.000000 -0.584383 0.811478
vn 0.000000 -0.584383 0.811478
vn 0.000000 -0.584383 0.811478
vn 0.000000 -0.905013 -0.425384
vn 0.000000 -0.905013 -0.425384
vn 0.000000 -0.905013 -0.425384
vn 0.000000 -0.257195 0.966360
vn 0.000000 -0.257195 0.966360
vn 0.000000 -0.257195 0.966360
vn 0.000000 -0.432061 0.901844
vn 0.000000 -0.432061 0.901844
vn 0.000000 -0.432061 0.901844
vn 0.000000 -0.985786 -0.168007
vn 0.000000 -0.985786 -0.168007
vn 0.000000 -0.985786 -0.168007
vn 0.000000 -0.270190 0.962807
vn 0.000000 -0.270190 0.962807
vn 0.000000 -0.270190 0.962807
vn 0.000000 0.431653 -0.902040
vn 0.000000 0.431653 -0.902040
vn 0.000000 0.431653 -0.902040
vn 0.000000 -0.996110 0.088115
vn 0.000000 -0.996110 0.088115
vn 0.000000 -0.996110 0.088115
vn 0.000000 0.234279 -0.972169
vn 0.000000 0.234279 -0.972169
vn 0.000000 0.234279 -0.972169
vn -0.000001 -0.970841 0.239723
vn -0.000001 -0.970841 0.239723
vn -0.000001 -0.970841 0.239723
vn 0.000000 0.942541 0.334091
vn 0.000000 0.942541 0.334091
vn 0.000000 0.942541 0.334091
vn 0.000000 -0.247223 0.968959
vn 0.000000 -0.247223 0.968959
vn 0.000000 -0.247223 0.968959
vn 0.000000 -0.694963 0.719046
vn 0.000000 -0.694963 0.719046
vn 0.000000 -0.694963 0.719046
vn 0.000000 0.518339 -0.855175
vn 0.000000 0.518339 -0.855175
vn 0.000000 0.518339 -0.855175
vn 0.000000 0.238253 -0.971203
vn 0.000000 0.238253 -0.971203
vn 0.000000 0.238253 -0.971203
vn 0.000000 -0.576672 0.816976
vn 0.000000 -0.576672 0.816976
vn 0.000000 -0.576672 0.816976
vn 0.000000 0.976377 -0.216072
vn 0.000000 0.976377 -0.216072
vn 0.000000 0.976377 -0.216072
vn 0.000000 -0.256807 0.966463
vn 0.000000 -0.256807 0.966463
vn 0.000000 -0.256807 0.966463
vn 0.000000 0.900114 0.435654
vn 0.000000 0.900114 0.435654
vn 0.000000 0.900114 0.435654
vn 0.000000 0.513127 0.858312
vn 0.000000 0.513127 0.858312
vn 0.000000 0.513127 0.858312
vn 0.000000 0.281082 0.959684
vn 0.000000 0.281082 0.959684
vn 0.000000 0.281082 0.959684
vn 0.000000 0.563358 0.826213
vn 0.000000 0.563358 0.826213
vn 0.000000 0.563358 0.826213
vn 0.000000 -0.432939 -0.901423
vn 0.000000 -0.432939 -0.901423
vn 0.000000 -0.432939 -0.901423
vn 0.000000 0.554324 0.832301
vn 0.000000 0.554324 0.832301
vn 0.000000 0.554324 0.832301
vn 0.000000 -0.013305 0.999911
vn 0.000000 -0.013305 0.999911
vn 0.000000 -0.013305 0.999911
vn 0.000000 -0.810519 0.585712
vn 0.000000 -0.810519 0.585712
vn 0.000000 -0.810519 0.585712
vn 0.000000 0.528112 0.849175
vn 0.000000 0.528112 0.849175
vn 0.000000 0.528112 0.849175
vn 0.000000 -0.561999 0.827138
vn 0.000000 -0.561999 0.827138
vn 0.000000 -0.561999 0.827138
vn 0.000000 0.549039 0.835797
vn 0.000000 0.549039 0.835797
vn 0.000000 0.549039 0.835797
vn 0.000000 0.310502 0.950573
vn 0.000000 0.310502 0.950573
vn 0.000000 0.310502 0.950573
vn 0.000000 -0.995184 0.098025
vn 0.000000 -0.995184 0.098025
vn 0.000000 -0.995184 0.098025
vn 0.000000 -0.549796 -0.835299
vn 0.000000 -0.549796 -0.835299
vn 0.000000 -0.549796 -0.835299
vn 0.000001 0.944332 0.328993
vn 0.000001 0.944332 0.328993
vn 0.000001 0.944332 0.328993
vn 0.000000 -0.908864 0.417093
vn 0.000000 -0.908864 0.417093
vn 0.000000 -0.908864 0.417093
vn 0.000000 0.329862 -0.944029
vn 0.000000 0.329862 -0.944029
vn 0.000000 0.329862 -0.944029
vn 0.000000 -0.993807 0.111123
vn 0.000000 -0.993807 0.111123
vn 0.000000 -0.993807 0.111123
vn 0.000000 -0.063610 0.997975
vn 0.000000 -0.063610 0.997975
vn 0.000000 -0.063610 0.997975
vn 0.000000 0.120675 -0.992692
vn 0.000000 0.120675 -0.992692
vn 0.000000 0.120675 -0.992692
vn 0.000000 -0.980313 -0.197450
vn 0.000000 -0.980313 -0.197450
vn 0.000000 -0.980313 -0.197450
vn 0.000000 0.082698 -0.996575
vn 0.000000 0.082698 -0.996575
vn 0.000000 0.082698 -0.996575
vn 0.000000 0.327819 -0.944741
vn 0.000000 0.327819 -0.944741
vn 0.000000 0.327819 -0.944741
vn 0.000000 0.997487 0.070847
vn 0.000000 0.997487 0.070847
vn 0.000000 0.997487 0.070847
vn 0.000000 -0.964933 -0.262498
vn 0.000000 -0.964933 -0.262498
vn 0.000000 -0.964933 -0.262498
vn 0.000000 0.230527 0.973066
vn 0.000000 0.230527 0.973066
vn 0.000000 0.230527 0.973066
vn 0.000000 -0.803751 -0.594966
vn 0.000000 -0.803751 -0.594966
vn 0.000000 -0.803751 -0.594966
vn 0.000000 0.974849 -0.222866
vn 0.000000 0.974849 -0.222866
vn 0.000000 0.974849 -0.222866
vn 0.000000 -0.222469 -0.974940
vn 0.000000 -0.222469 -0.974940
vn 0.000000 -0.222469 -0.974940
vn 0.000000 -0.599405 -0.800446
vn 0.000000 -0.599405 -0.800446
vn 0.000000 -0.599405 -0.800446
vn 0.000000 -0.974878 0.222738
vn 0.000000 -0.974878 0.222738
vn 0.000000 -0.974878 0.222738
vn 0.000000 0.285629 0.958340
vn 0.000000 0.285629 0.958340
vn 0.000000 0.285629 0.958340
vn 0.000000 0.185961 0.982557
vn 0.000000 0.185961 0.982557
vn 0.000000 0.185961 0.982557
vn 0.000000 0.633049 0.774112
vn 0.000000 0.633049 0.774112
vn 0.000000 0.633049 0.774112
vn 0.000000 0.996253 -0.086484
vn 0.000000 0.996253 -0.086484
vn 0.000000 0.996253 -0.086484
vn 0.000000 -0.191673 -0.981459
vn 0.000000 -0.191673 -0.981459
vn 0.000000 -0.191673 -0.981459
vn 0.000000 0.558690 0.829377
vn 0.000000 0.558690 0.829377
vn 0.000000 0.558690 0.829377
vn 0.000000 -0.996255 0.086470
vn 0.000000 -0.996255 0.086470
vn 0.000000 -0.996255 0.086470
vn 0.000000 -0.923023 0.384745
vn 0.000000 -0.923023 0.384745
vn 0.000000 -0.923023 0.384745
vn 0.000000 0.002353 0.999997
vn 0.000000 0.002353 0.999997
vn 0.000000 0.002353 0.999997
vn 0.000000 1.000000 0.000000
vn 0.000000 1.000000 0.000000
vn 0.000000 1.000000 0.000000
vn -0.548986 -0.630260 -0.548986
vn 0.548986 -0.630260 0.548986
vn 0.548986 -0.630260 -0.548986
vn 0.548986 -0.630260 0.548986
vn -0.548986 -0.630260 0.548986
vn -0.548986 -0.630260 -0.548986
vn 0.548986 -0.630260 -0.548986
vn 0.000000 -0.630259 -0.776385
vn -0.548986 0.630260 0.548986
vn 0.548986 0.630260 0.548986
vn 0.776385 0.630259 0.000000
vn 0.000000 0.630259 -0.776385
vn -0.776385 0.630259 0.000000
vn -0.548986 -0.630260 0.548986
vn 0.657323 0.657323 -0.368581
vn 0.000000 0.421072 0.907027
vn 0.514647 0.514647 0.685768
vn 0.514647 -0.514647 -0.685768
vn 0.514647 -0.514647 0.685768
vn 0.657323 -0.657323 0.368581
vn -0.657323 -0.657323 0.368581
vn -0.514647 -0.514647 -0.685768
vn -0.514647 -0.514647 0.685768
vn -0.514647 0.514647 0.685768
vn -0.657323 0.657323 -0.368581
vn -0.999368 -0.035558 -0.000006
vn -0.999368 -0.035558 -0.000006
vn -0.999368 -0.035558 -0.000006
vn -0.999368 -0.035558 0.000006
vn -0.999368 -0.035558 0.000006
vn -0.999368 -0.035558 0.000006
vn -0.999676 -0.025447 -0.000000
vn -0.994406 -0.105622 0.000000
vn -0.997661 -0.068358 0.000000
vn 0.999368 -0.035558 -0.000006
vn 0.999368 -0.035558 -0.000006
vn 0.999368 -0.035558 -0.000006
vn 0.999368 -0.035549 0.000000
vn 0.999368 -0.035549 0.000000
vn 0.999368 -0.035549 0.000000
vn 0.999676 -0.025447 0.000000
vn 0.994406 -0.105621 0.000000
vn 0.997661 -0.068358 0.000000
vn 0.000000 -1.000000 0.000000
vn 0.577187 0.510044 -0.637738
vn -0.751337 -0.240313 -0.614608
vn 0.000000 1.000000 0.000021
vn 0.000000 1.000000 0.000021
vn 0.000000 1.000000 -0.000021
vn 0.543885 -0.499144 0.674570
vn 0.672154 -0.269606 -0.689581
vn -0.992513 0.122136 0.000000
vn 0.992513 0.122136 0.000000
vn -0.558170 0.707441 -0.433559
vn -0.524812 -0.851218 0.000000
vn 0.650290 0.055940 0.757624
vn 1.000000 0.000000 0.000000
vn 1.000000 0.000000 0.000000
vn 1.000000 0.000000 0.000000
vn 1.000000 0.000000 0.000000
vn 1.000000 0.000000 0.000000
vn 1.000000 0.000000 0.000000
vn 1.000000 0.000000 0.000000
vn 1.000000 0.000000 0.000000
vn 1.000000 0.000000 0.000000
vn 1.000000 0.000000 0.000000
vn 1.000000 0.000000 0.000000
vn 1.000000 0.000000 0.000000
vn 1.000000 0.000000 0.000000
vn 1.000000 0.000000 0.000000
vn 1.000000 0.000000 0.000000
vn 1.000000 0.000000 0.000000
vn 1.000000 0.000000 0.000000
vn 1.000000 0.000000 0.000000
vn 1.000000 0.000000 0.000000
vn 1.000000 0.000000 0.000000
vn 1.000000 0.000000 0.000000
vn 1.000000 0.000000 0.000000
vn 1.000000 0.000000 0.000000
vn 1.000000 0.000000 0.000000
vn 1.000000 0.000000 0.000000
vn 1.000000 0.000000 0.000000
vn 1.000000 0.000000 0.000000
vn 1.000000 0.000000 0.000000
vn 1.000000 0.000000 0.000000
vn 1.000000 0.000000 0.000000
vn 1.000000 0.000000 0.000000
vn 1.000000 0.000000 0.000000
vn 1.000000 0.000000 0.000000
vn 1.000000 0.000000 0.000000
vn 1.000000 0.000000 0.000000
vn 1.000000 0.000000 0.000000
vn 1.000000 0.000000 0.000000
vn 1.000000 0.000000 0.000000
vn 1.000000 0.000000 0.000000
vn 1.000000 0.000000 0.000000
vn 1.000000 0.000000 0.000000
vn 1.000000 0.000000 0.000000
vn 1.000000 0.000000 0.000000
vn 1.000000 0.000000 0.000000
vn 1.000000 0.000000 0.000000
vn 1.000000 0.000000 0.000000
vn 1.000000 0.000000 0.000000
vn 1.000000 0.000000 0.000000
vn 1.000000 0.000000 0.000000
vn 1.000000 0.000000 0.000000
vn 1.000000 0.000000 0.000000
vn 1.000000 0.000000 0.000000
vn 1.000000 0.000000 0.000000
vn 1.000000 0.000000 0.000000
vn 1.000000 0.000000 0.000000
vn 1.000000 0.000000 0.000000
vn 1.000000 0.000000 0.000000
vn 1.000000 0.000000 0.000000
vn 1.000000 0.000000 0.000000
vn 1.000000 0.000000 0.000000
vn 1.000000 0.000000 0.000000
vn 1.000000 0.000000 0.000000
vn 1.000000 0.000000 0.000000
vn 1.000000 0.000000 0.000000
vn 1.000000 0.000000 0.000000
vn 1.000000 0.000000 0.000000
vn 1.000000 0.000000 0.000000
vn 1.000000 0.000000 0.000000
vn 1.000000 0.000000 0.000000
vn 1.000000 0.000000 0.000000
vn 1.000000 0.000000 0.000000
vn 1.000000 0.000000 0.000000
vn 1.000000 0.000000 0.000000
vn 1.000000 0.000000 0.000000
vn 1.000000 0.000000 0.000000
vn 1.000000 0.000000 0.000000
vn 1.000000 0.000000 0.000000
vn 1.000000 0.000000 0.000000
vn 1.000000 0.000000 0.000000
vn 1.000000 0.000000 0.000000
vn 1.000000 0.000000 0.000000
vn 1.000000 0.000000 0.000000
vn 1.000000 0.000000 0.000000
vn 1.000000 0.000000 0.000000
vn 1.000000 0.000000 0.000000
vn 1.000000 0.000000 0.000000
vn 1.000000 0.000000 0.000000
vn 1.000000 0.000000 0.000000
vn 1.000000 0.000000 0.000000
vn 1.000000 0.000000 0.000000
vn 1.000000 0.000000 0.000000
vn 1.000000 0.000000 0.000000
vn 1.000000 0.000000 0.000000
vn 1.000000 0.000000 0.000000
vn 1.000000 0.000000 0.000000
vn 1.000000 0.000000 0.000000
vn 1.000000 0.000000 0.000000
vn 1.000000 0.000000 0.000000
vn 1.000000 0.000000 0.000000
vn 1.000000 0.000000 0.000000
vn 1.000000 0.000000 0.000000
vn 1.000000 0.000000 0.000000
vn 1.000000 0.000000 0.000000
vn 1.000000 0.000000 0.000000
vn 1.000000 0.000000 0.000000
vn 1.000000 0.000000 0.000000
vn 1.000000 0.000000 0.000000
vn 1.000000 0.000000 0.000000
vn 1.000000 0.000000 0.000000
vn 1.000000 0.000000 0.000000
vn 1.000000 0.000000 0.000000
vn 1.000000 0.000000 0.000000
vn 1.000000 0.000000 0.000000
vn 1.000000 0.000000 0.000000
vn 1.000000 0.000000 0.000000
vn 1.000000 0.000000 0.000000
vn 1.000000 0.000000 0.000000
vn 1.000000 0.000000 0.000000
vn 1.000000 0.000000 0.000000
vn 1.000000 0.000000 0.000000
vn 1.000000 0.000000 0.000000
vn 1.000000 0.000000 0.000000
vn 1.000000 0.000000 0.000000
vn 1.000000 0.000000 0.000000
vn 1.000000 0.000000 0.000000
vn 1.000000 0.000000 0.000000
vn 1.000000 0.000000 0.000000
vn 1.000000 0.000000 0.000000
vn 1.000000 0.000000 0.000000
vn 1.000000 0.000000 0.000000
vn 1.000000 0.000000 0.000000
vn 1.000000 0.000000 0.000000
vn 1.000000 0.000000 0.000000
vn 1.000000 0.000000 0.000000
vn 1.000000 0.000000 0.000000
vn 1.000000 0.000000 0.000000
vn 1.000000 0.000000 0.000000
vn 1.000000 0.000000 0.000000
vn 1.000000 0.000000 0.000000
vn 1.000000 0.000000 0.000000
vn 1.000000 0.000000 0.000000
vn 1.000000 0.000000 0.000000
vn 1.000000 0.000000 0.000000
vn 1.000000 0.000000 0.000000
vn 1.000000 0.000000 0.000000
vn 1.000000 0.000000 0.000000
vn 1.000000 0.000000 0.000000
vn 1.000000 0.000000 0.000000
vn 1.000000 0.000000 0.000000
vn 1.000000 0.000000 0.000000
vn 1.000000 0.000000 0.000000
vn 1.000000 0.000000 0.000000
vn 1.000000 0.000000 0.000000
vn 1.000000 0.000000 0.000000
vn 1.000000 0.000000 0.000000
vn 1.000000 0.000000 0.000000
vn 1.000000 0.000000 0.000000
vn 1.000000 0.000000 0.000000
vn 1.000000 0.000000 0.000000
vn 1.000000 0.000000 0.000000
vn 1.000000 0.000000 0.000000
vn 1.000000 0.000000 0.000000
vn 1.000000 0.000000 0.000000
vn 1.000000 0.000000 0.000000
vn 1.000000 0.000000 0.000000
vn 1.000000 0.000000 0.000000
vn 1.000000 0.000000 0.000000
vn 1.000000 0.000000 0.000000
vn 1.000000 0.000000 0.000000
vn 1.000000 0.000000 0.000000
vn 1.000000 0.000000 0.000000
vn 1.000000 0.000000 0.000000
vn 1.000000 0.000000 0.000000
vn 1.000000 0.000000 0.000000
vn 1.000000 0.000000 0.000000
vn 1.000000 0.000000 0.000000
vn 1.000000 0.000000 0.000000
vn 1.000000 0.000000 0.000000
vn 1.000000 0.000000 0.000000
vn 1.000000 0.000000 0.000000
vn 1.000000 0.000000 0.000000
vn 1.000000 0.000000 0.000000
vn 1.000000 0.000000 0.000000
vn 1.000000 0.000000 0.000000
vn 1.000000 0.000000 0.000000
vn 1.000000 0.000000 0.000000
vn 1.000000 0.000000 0.000000
vn 1.000000 0.000000 0.000000
vn 1.000000 0.000000 0.000000
vn 1.000000 0.000000 0.000000
vn 1.000000 0.000000 0.000000
vn 1.000000 0.000000 0.000000
vn 1.000000 0.000000 0.000000
vn 1.000000 0.000000 0.000000
vn 1.000000 0.000000 0.000000
vn 1.000000 0.000000 0.000000
vn 1.000000 0.000000 0.000000
vn 1.000000 0.000000 0.000000
vn 1.000000 0.000000 0.000000
vn 1.000000 0.000000 0.000000
vn 1.000000 0.000000 0.000000
vn 1.000000 0.000000 0.000000
vn 1.000000 0.000000 0.000000
vn 1.000000 0.000000 0.000000
vn 1.000000 0.000000 0.000000
vn 1.000000 0.000000 0.000000
vn 1.000000 0.000000 0.000000
vn 1.000000 0.000000 0.000000
vn 1.000000 0.000000 0.000000
vn 1.000000 0.000000 0.000000
vn 1.000000 0.000000 0.000000
vn 1.000000 0.000000 0.000000
vn 1.000000 0.000000 0.000000
vn 1.000000 0.000000 0.000000
vn 1.000000 0.000000 0.000000
vn 1.000000 0.000000 0.000000
vn 1.000000 0.000000 0.000000
vn 1.000000 0.000000 0.000000
vn 1.000000 0.000000 0.000000
vn 1.000000 0.000000 0.000000
vn 1.000000 0.000000 0.000000
vn 1.000000 0.000000 0.000000
vn 1.000000 0.000000 0.000000
vn 1.000000 0.000000 0.000000
vn 1.000000 0.000000 0.000000
vn 1.000000 0.000000 0.000000
vn 1.000000 0.000000 0.000000
vn 1.000000 0.000000 0.000000
vn 1.000000 0.000000 0.000000
vn 1.000000 0.000000 0.000000
vn 1.000000 0.000000 0.000000
vn 1.000000 0.000000 0.000000
vn 1.000000 0.000000 0.000000
vn 1.000000 0.000000 0.000000
vn 1.000000 0.000000 0.000000
vn 1.000000 0.000000 0.000000
vn 1.000000 0.000000 0.000000
vn 1.000000 0.000000 0.000000
vn 1.000000 0.000000 0.000000
vn 1.000000 0.000000 0.000000
vn 1.000000 0.000000 0.000000
vn 1.000000 0.000000 0.000000
vn 1.000000 0.000000 0.000000
vn 1.000000 0.000000 0.000000
vn 1.000000 0.000000 0.000000
vn 1.000000 0.000000 0.000000
vn 1.000000 0.000000 0.000000
vn 1.000000 0.000000 0.000000
vn 1.000000 0.000000 0.000000
vn 1.000000 0.000000 0.000000
vn 1.000000 0.000000 0.000000
vn 1.000000 0.000000 0.000000
vn 1.000000 0.000000 0.000000
vn 1.000000 0.000000 0.000000
vn 1.000000 0.000000 0.000000
vn -1.000000 0.000000 0.000000
vn -1.000000 0.000000 0.000000
vn -1.000000 0.000000 0.000000
vn -1.000000 0.000000 0.000000
vn -1.000000 0.000000 0.000000
vn -1.000000 0.000000 0.000000
vn -1.000000 0.000000 0.000000
vn -1.000000 0.000000 0.000000
vn -1.000000 0.000000 0.000000
vn -1.000000 0.000000 0.000000
vn -1.000000 0.000000 0.000000
vn -1.000000 0.000000 0.000000
vn -1.000000 0.000000 0.000000
vn -1.000000 0.000000 0.000000
vn -1.000000 0.000000 0.000000
vn -1.000000 0.000000 0.000000
vn -1.000000 0.000000 0.000000
vn -1.000000 0.000000 0.000000
vn -1.000000 0.000000 0.000000
vn -1.000000 0.000000 0.000000
vn -1.000000 0.000000 0.000000
vn -1.000000 0.000000 0.000000
vn -1.000000 0.000000 0.000000
vn -1.000000 0.000000 0.000000
vn -1.000000 0.000000 0.000000
vn -1.000000 0.000000 0.000000
vn -1.000000 0.000000 0.000000
vn -1.000000 0.000000 0.000000
vn -1.000000 0.000000 0.000000
vn -1.000000 0.000000 0.000000
vn -1.000000 0.000000 0.000000
vn -1.000000 0.000000 0.000000
vn -1.000000 0.000000 0.000000
vn -1.000000 0.000000 0.000000
vn -1.000000 0.000000 0.000000
vn -1.000000 0.000000 0.000000
vn -1.000000 0.000000 0.000000
vn -1.000000 0.000000 0.000000
vn -1.000000 0.000000 0.000000
vn -1.000000 0.000000 0.000000
vn -1.000000 0.000000 0.000000
vn -1.000000 0.000000 0.000000
vn -1.000000 0.000000 0.000000
vn -1.000000 0.000000 0.000000
vn -1.000000 0.000000 0.000000
vn -1.000000 0.000000 0.000000
vn -1.000000 0.000000 0.000000
vn -1.000000 0.000000 0.000000
vn -1.000000 0.000000 0.000000
vn -1.000000 0.000000 0.000000
vn -1.000000 0.000000 0.000000
vn -1.000000 0.000000 0.000000
vn -1.000000 0.000000 0.000000
vn -1.000000 0.000000 0.000000
vn -1.000000 0.000000 0.000000
vn -1.000000 0.000000 0.000000
vn -1.000000 0.000000 0.000000
vn -1.000000 0.000000 0.000000
vn -1.000000 0.000000 0.000000
vn -1.000000 0.000000 0.000000
vn -1.000000 0.000000 0.000000
vn -1.000000 0.000000 0.000000
vn -1.000000 0.000000 0.000000
vn -1.000000 0.000000 0.000000
vn -1.000000 0.000000 0.000000
vn -1.000000 0.000000 0.000000
vn -1.000000 0.000000 0.000000
vn -1.000000 0.000000 0.000000
vn -1.000000 0.000000 0.000000
vn -1.000000 0.000000 0.000000
vn -1.000000 0.000000 0.000000
vn -1.000000 0.000000 0.000000
vn -1.000000 0.000000 0.000000
vn -1.000000 0.000000 0.000000
vn -1.000000 0.000000 0.000000
vn -1.000000 0.000000 0.000000
vn -1.000000 0.000000 0.000000
vn -1.000000 0.000000 0.000000
vn -1.000000 0.000000 0.000000
vn -1.000000 0.000000 0.000000
vn -1.000000 0.000000 0.000000
vn -1.000000 0.000000 0.000000
vn -1.000000 0.000000 0.000000
vn -1.000000 0.000000 0.000000
vn -1.000000 0.000000 0.000000
vn -1.000000 0.000000 0.000000
vn -1.000000 0.000000 0.000000
vn -1.000000 0.000000 0.000000
vn -1.000000 0.000000 0.000000
vn -1.000000 0.000000 0.000000
vn -1.000000 0.000000 0.000000
vn -1.000000 0.000000 0.000000
vn -1.000000 0.000000 0.000000
vn -1.000000 0.000000 0.000000
vn -1.000000 0.000000 0.000000
vn -1.000000 0.000000 0.000000
vn -1.000000 0.000000 0.000000
vn -1.000000 0.000000 0.000000
vn -1.000000 0.000000 0.000000
vn -1.000000 0.000000 0.000000
vn -1.000000 0.000000 0.000000
vn -1.000000 0.000000 0.000000
vn -1.000000 0.000000 0.000000
vn -1.000000 0.000000 0.000000
vn -1.000000 0.000000 0.000000
vn -1.000000 0.000000 0.000000
vn -1.000000 0.000000 0.000000
vn -1.000000 0.000000 0.000000
vn -1.000000 0.000000 0.000000
vn -1.000000 0.000000 0.000000
vn -1.000000 0.000000 0.000000
vn -1.000000 0.000000 0.000000
vn -1.000000 0.000000 0.000000
vn -1.000000 0.000000 0.000000
vn -1.000000 0.000000 0.000000
vn -1.000000 0.000000 0.000000
vn -1.000000 0.000000 0.000000
vn -1.000000 0.000000 0.000000
vn -1.000000 0.000000 0.000000
vn -1.000000 0.000000 0.000000
vn -1.000000 0.000000 0.000000
vn -1.000000 0.000000 0.000000
vn -1.000000 0.000000 0.000000
vn -1.000000 0.000000 0.000000
vn -1.000000 0.000000 0.000000
vn -1.000000 0.000000 0.000000
vn -1.000000 0.000000 0.000000
vn -1.000000 0.000000 0.000000
vn -1.000000 0.000000 0.000000
vn -1.000000 0.000000 0.000000
vn -1.000000 0.000000 0.000000
vn -1.000000 0.000000 0.000000
vn -1.000000 0.000000 0.000000
vn -1.000000 0.000000 0.000000
vn -1.000000 0.000000 0.000000
vn -1.000000 0.000000 0.000000
vn -1.000000 0.000000 0.000000
vn -1.000000 0.000000 0.000000
vn -1.000000 0.000000 0.000000
vn -1.000000 0.000000 0.000000
vn -1.000000 0.000000 0.000000
vn -1.000000 0.000000 0.000000
vn -1.000000 0.000000 0.000000
vn -1.000000 0.000000 0.000000
vn -1.000000 0.000000 0.000000
vn -1.000000 0.000000 0.000000
vn -1.000000 0.000000 0.000000
vn -1.000000 0.000000 0.000000
vn -1.000000 0.000000 0.000000
vn -1.000000 0.000000 0.000000
vn -1.000000 0.000000 0.000000
vn -1.000000 0.000000 0.000000
vn -1.000000 0.000000 0.000000
vn -1.000000 0.000000 0.000000
vn -1.000000 0.000000 0.000000
vn -1.000000 0.000000 0.000000
vn -1.000000 0.000000 0.000000
vn -1.000000 0.000000 0.000000
vn -1.000000 0.000000 0.000000
vn -1.000000 0.000000 0.000000
vn -1.000000 0.000000 0.000000
vn -1.000000 0.000000 0.000000
vn -1.000000 0.000000 0.000000
vn -1.000000 0.000000 0.000000
vn -1.000000 0.000000 0.000000
vn -1.000000 0.000000 0.000000
vn -1.000000 0.000000 0.000000
vn -1.000000 0.000000 0.000000
vn -1.000000 0.000000 0.000000
vn -1.000000 0.000000 0.000000
vn -1.000000 0.000000 0.000000
vn -1.000000 0.000000 0.000000
vn -1.000000 0.000000 0.000000
vn -1.000000 0.000000 0.000000
vn -1.000000 0.000000 0.000000
vn -1.000000 0.000000 0.000000
vn -1.000000 0.000000 0.000000
vn -1.000000 0.000000 0.000000
vn -1.000000 0.000000 0.000000
vn -1.000000 0.000000 0.000000
vn -1.000000 0.000000 0.000000
vn -1.000000 0.000000 0.000000
vn -1.000000 0.000000 0.000000
vn -1.000000 0.000000 0.000000
vn -1.000000 0.000000 0.000000
vn -1.000000 0.000000 0.000000
vn -1.000000 0.000000 0.000000
vn -1.000000 0.000000 0.000000
vn -1.000000 0.000000 0.000000
vn -1.000000 0.000000 0.000000
vn -1.000000 0.000000 0.000000
vn -1.000000 0.000000 0.000000
vn -1.000000 0.000000 0.000000
vn -1.000000 0.000000 0.000000
vn -1.000000 0.000000 0.000000
vn -1.000000 0.000000 0.000000
vn -1.000000 0.000000 0.000000
vn -1.000000 0.000000 0.000000
vn -1.000000 0.000000 0.000000
vn -1.000000 0.000000 0.000000
vn -1.000000 0.000000 0.000000
vn -1.000000 0.000000 0.000000
vn -1.000000 0.000000 0.000000
vn -1.000000 0.000000 0.000000
vn -1.000000 0.000000 0.000000
vn -1.000000 0.000000 0.000000
vn -1.000000 0.000000 0.000000
vn -1.000000 0.000000 0.000000
vn -1.000000 0.000000 0.000000
vn -1.000000 0.000000 0.000000
vn -1.000000 0.000000 0.000000
vn -1.000000 0.000000 0.000000
vn -1.000000 0.000000 0.000000
vn -1.000000 0.000000 0.000000
vn -1.000000 0.000000 0.000000
vn -1.000000 0.000000 0.000000
vn -1.000000 0.000000 0.000000
vn -1.000000 0.000000 0.000000
vn -1.000000 0.000000 0.000000
vn -1.000000 0.000000 0.000000
vn -1.000000 0.000000 0.000000
vn -1.000000 0.000000 0.000000
vn -1.000000 0.000000 0.000000
vn -1.000000 0.000000 0.000000
vn -1.000000 0.000000 0.000000
vn -1.000000 0.000000 0.000000
vn -1.000000 0.000000 0.000000
vn -1.000000 0.000000 0.000000
vn -1.000000 0.000000 0.000000
vn -1.000000 0.000000 0.000000
vn -1.000000 0.000000 0.000000
vn -1.000000 0.000000 0.000000
vn -1.000000 0.000000 0.000000
vn -1.000000 0.000000 0.000000
vn -1.000000 0.000000 0.000000
vn -1.000000 0.000000 0.000000
vn -1.000000 0.000000 0.000000
vn -1.000000 0.000000 0.000000
vn -1.000000 0.000000 0.000000
vn -1.000000 0.000000 0.000000
vn -1.000000 0.000000 0.000000
vn -1.000000 0.000000 0.000000
vn -1.000000 0.000000 0.000000
vn -1.000000 0.000000 0.000000
vn -1.000000 0.000000 0.000000
vn -1.000000 0.000000 0.000000
vn -1.000000 0.000000 0.000000
vn -1.000000 0.000000 0.000000
vn -1.000000 0.000000 0.000000
vn -1.000000 0.000000 0.000000
vn -1.000000 0.000000 0.000000
vn -1.000000 0.000000 0.000000
vn -1.000000 0.000000 0.000000
vn -1.000000 0.000000 0.000000
vn -1.000000 0.000000 0.000000
vn -1.000000 0.000000 0.000000
vn -1.000000 0.000000 0.000000
vn -1.000000 0.000000 0.000000
vn -1.000000 0.000000 0.000000
vn -1.000000 0.000000 0.000000
vn 0.000000 0.357050 0.934085
vn 0.000000 -0.915074 0.403285
vn 0.000000 0.998726 0.050460
vn 0.000000 -0.356728 -0.934208
vn 0.000000 -0.992558 -0.121775
vn 0.000000 -0.998710 -0.050786
vn 0.000000 -0.755590 -0.655045
vn 0.000000 -0.755590 -0.655045
vn 0.000000 -0.755590 -0.655045
vn 0.000000 -0.616607 -0.787271
vn 0.000000 -0.155318 -0.987865
vn 0.000000 0.999716 0.023823
vn 0.000000 -0.705191 0.709017
vn 0.000000 0.827868 -0.560923
vn 0.000000 -0.999781 -0.020936
vn 0.000000 0.745458 -0.666552
vn 0.000000 0.940966 -0.338502
vn 0.000000 0.940966 -0.338502
vn 0.000000 0.940966 -0.338502
vn 0.000000 0.012462 -0.999922
vn 0.000000 0.012462 -0.999922
vn 0.000000 0.012462 -0.999922
vn 0.000000 0.940931 -0.338598
vn 0.000000 0.999574 -0.029184
vn 0.000000 0.976098 -0.217329
vn 0.000000 -0.941751 0.336312
vn 0.000000 -0.941751 0.336312
vn 0.000000 -0.941751 0.336312
vn 0.000000 -0.999828 0.018526
vn 0.000000 0.851659 0.524096
vn 0.000000 0.633306 0.773901
vn 0.000000 0.918382 -0.395695
vn 0.000000 0.977436 0.211231
vn 0.000000 -0.228285 0.973594
vn 0.000000 -0.918416 0.395616
vn 0.000000 -0.971655 -0.236402
vn 0.000000 -0.960740 0.277452
vn 0.000000 -0.960740 0.277452
vn 0.000000 -0.960740 0.277452
vn 0.000000 -0.998307 0.058157
vn 0.000000 0.912824 -0.408353
vn 0.000000 0.852150 0.523298
vn 0.000000 -0.935258 -0.353967
vn 0.000000 -0.913757 0.406261
vn 0.000000 -0.856611 -0.515963
vn 0.000000 -0.733656 -0.679521
vn 0.000000 0.016857 -0.999858
vn 0.000000 0.917757 -0.397142
vn 0.000000 0.851409 0.524502
vn 0.000000 0.606570 -0.795030
vn 0.000000 -0.862314 0.506374
vn 0.000000 -0.850498 -0.525979
vn 0.000000 1.000000 0.000723
vn 0.000000 0.302002 0.953307
vn 0.000000 0.982711 0.185146
vn 0.000000 0.307843 -0.951437
vn 0.000001 0.637438 0.770502
vn 0.000000 0.941308 0.337549
vn 0.000000 -0.775008 0.631952
vn 0.000000 -0.637187 -0.770709
vn 0.000000 0.583171 -0.812349
vn 0.000000 0.636044 -0.771653
vn 0.000001 0.432186 0.901784
vn 0.000000 0.940015 -0.341134
vn 0.000000 0.940015 -0.341134
vn 0.000000 0.940015 -0.341134
vn 0.000000 -0.424254 -0.905543
vn 0.000000 0.426404 0.904533
vn 0.000000 0.426404 0.904533
vn 0.000000 0.426404 0.904533
vn 0.000000 -0.362791 0.931871
vn 0.000000 0.353164 0.935562
vn 0.000000 -0.063989 0.997951
vn 0.000000 -0.353341 -0.935495
vn 0.000000 0.291973 0.956427
vn 0.000000 0.301805 0.953370
vn 0.000000 0.221290 0.975208
vn 0.000000 -0.988689 0.149980
vn 0.000000 -0.221355 -0.975193
vn 0.000000 -0.809920 -0.586540
vn 0.000000 -0.910213 0.414141
vn 0.000000 -0.910213 0.414141
vn 0.000000 -0.910213 0.414141
vn 0.000000 -0.776365 -0.630284
vn 0.000000 0.058670 0.998277
vn 0.000000 -0.030627 -0.999531
vn -0.000000 -0.058698 -0.998276
vn 0.000000 -0.070671 -0.997500
vn 0.000000 0.162164 0.986764
vn 0.000000 0.696770 -0.717295
vn 0.000000 0.696770 -0.717295
vn 0.000000 0.696770 -0.717295
vn 0.000000 0.979544 0.201232
vn 0.000000 0.979544 0.201232
vn 0.000000 0.979544 0.201232
vn 0.000000 0.360091 -0.932917
vn 0.000000 0.946303 -0.323281
vn 0.000000 0.946303 -0.323281
vn 0.000000 0.946303 -0.323281
vn 0.000000 -0.297216 0.954810
vn 0.000000 0.462687 -0.886522
vn 0.000000 0.462687 -0.886522
vn 0.000000 0.462687 -0.886522
vn 0.000001 0.506581 -0.862192
vn 0.000000 0.999700 -0.024493
vn 0.000000 0.681307 -0.731998
vn 0.000000 -0.440906 0.897553
vn 0.000000 0.959909 0.280310
vn 0.000000 0.074117 -0.997250
vn 0.000000 0.443155 -0.896445
vn 0.000000 0.637296 0.770619
vn 0.000000 0.583733 -0.811945
vn 0.000000 0.985242 0.171165
vn 0.000000 0.791707 -0.610902
vn 0.000000 -0.543530 0.839390
vn 0.000000 0.752293 0.658829
vn 0.000001 -0.590993 -0.806677
vn 0.000001 -0.590993 -0.806677
vn 0.000001 -0.590993 -0.806677
vn 0.000000 0.543588 -0.839352
vn 0.000000 0.989667 -0.143382
vn 0.000000 0.452105 -0.891965
vn 0.000000 0.452105 -0.891965
vn 0.000000 0.452105 -0.891965
vn 0.000000 0.994519 0.104560
vn 0.000000 -0.972353 -0.233515
vn 0.000000 -0.972353 -0.233515
vn 0.000000 -0.972353 -0.233515
vn 0.000000 -0.626581 0.779356
vn 0.000000 0.799017 0.601308
vn 0.000001 0.357820 -0.933791
vn 0.000001 0.357820 -0.933791
vn 0.000001 0.357820 -0.933791
vn 0.000000 0.626574 -0.779362
vn 0.000000 0.994991 0.099963
vn 0.000000 -0.987144 -0.159837
vn 0.000000 -0.409439 -0.912338
vn 0.000000 -0.409439 -0.912338
vn 0.000000 -0.409439 -0.912338
vn 0.000000 0.911434 -0.411447
vn 0.000000 -0.911028 0.412344
vn 0.000000 -0.654097 0.756410
vn 0.000000 0.681390 -0.731920
vn 0.000000 -0.575527 0.817783
vn 0.000000 0.659511 -0.751695
vn 0.000000 0.606200 -0.795312
vn 0.000000 -0.991842 0.127472
vn 0.000000 0.971076 -0.238772
vn 0.000000 0.971076 -0.238772
vn 0.000000 0.971076 -0.238772
vn 0.000000 0.410358 -0.911925
vn 0.000000 -0.993430 -0.114439
vn 0.000000 -0.536177 -0.844106
vn 0.000000 -0.847856 -0.530227
vn 0.000000 -0.194574 -0.980888
vn 0.000000 0.142336 -0.989818
vn 0.000000 -0.563153 -0.826353
vn 0.000000 0.170761 0.985312
vn 0.000000 0.879741 -0.475454
vn 0.000000 0.078092 -0.996946
vn 0.000000 0.072313 -0.997382
vn 0.000000 0.899127 -0.437688
vn 0.000000 -0.134251 0.990947
vn 0.000000 0.178181 -0.983998
vn 0.000000 0.478440 0.878120
vn 0.000000 0.478440 0.878120
vn 0.000000 0.478440 0.878120
vn 0.000000 0.137907 -0.990445
vn -0.000000 -0.724491 -0.689284
vn -0.000000 -0.724491 -0.689284
vn -0.000000 -0.724491 -0.689284
vn 0.000000 -0.275140 0.961404
vn 0.000000 -0.275140 0.961404
vn 0.000000 -0.275140 0.961404
vn 0.000000 -0.999627 0.027329
vn 0.000000 -0.999627 0.027329
vn 0.000000 -0.999627 0.027329
vn -0.000001 0.337448 -0.941344
vn -0.000001 0.337448 -0.941344
vn -0.000001 0.337448 -0.941344
vn 0.000000 0.976891 0.213738
vn 0.000000 0.976891 0.213738
vn 0.000000 0.976891 0.213738
vn 0.000000 -0.351588 0.936155
vn 0.000000 -0.424875 -0.905252
vn 0.000000 0.166784 -0.985993
vn 0.000000 0.166784 -0.985993
vn 0.000000 0.166784 -0.985993
vn 0.000000 0.337362 -0.941375
vn 0.000000 -0.877024 -0.480446
vn 0.000000 0.987377 -0.158390
vn 0.000000 0.987377 -0.158390
vn 0.000000 0.987377 -0.158390
vn 0.000000 -0.556562 0.830806
vn 0.000000 -0.556562 0.830806
vn 0.000000 -0.556562 0.830806
vn 0.000000 -0.794859 0.606794
vn 0.000000 -0.170402 -0.985375
vn 0.000000 -0.854741 0.519055
vn 0.000000 0.462563 -0.886586
vn 0.000000 -0.560223 -0.828342
vn 0.000000 -0.096998 0.995285
vn 0.000000 0.696482 -0.717574
vn 0.000000 0.527381 0.849629
vn 0.000000 -0.659920 0.751336
vn 0.000001 0.795273 -0.606251
vn 0.000001 0.795273 -0.606251
vn 0.000001 0.795273 -0.606251
vn 0.000000 -0.938632 -0.344919
vn 0.000000 -0.938632 -0.344919
vn 0.000000 -0.938632 -0.344919
vn 0.000000 0.994299 0.106629
vn 0.000000 -0.648388 -0.761310
vn -0.000001 -0.520384 -0.853933
vn -0.000001 -0.520384 -0.853933
vn -0.000001 -0.520384 -0.853933
vn 0.000000 0.833620 0.552339
vn 0.000000 0.686756 0.726888
vn -0.000001 0.014644 -0.999893
vn -0.000001 0.014644 -0.999893
vn -0.000001 0.014644 -0.999893
vn 0.000000 0.884414 0.466703
vn -0.000001 -0.594343 -0.804211
vn 0.000000 0.702505 0.711678
vn 0.000000 -0.967753 -0.251901
vn 0.000000 -0.932615 -0.360873
vn 0.000000 0.498923 0.866646
vn 0.000000 0.967699 0.252110
vn 0.000000 -0.404590 -0.914498
vn 0.000000 0.264228 0.964460
vn 0.000000 0.072080 -0.997399
vn 0.000000 -0.016939 0.999857
vn 0.000000 -0.999969 0.007885
vn 0.000000 -0.449452 -0.893304
vn 0.000000 -0.449452 -0.893304
vn 0.000000 -0.449452 -0.893304
vn 0.000000 -0.294425 0.955675
vn 0.000000 0.999962 -0.008763
vn 0.000000 0.171185 -0.985239
vn 0.000000 0.171185 -0.985239
vn 0.000000 0.171185 -0.985239
vn 0.000000 -0.209522 -0.977804
vn 0.000000 -0.209522 -0.977804
vn 0.000000 -0.209522 -0.977804
vn 0.000000 0.525469 -0.850813
vn 0.000000 -0.707747 -0.706466
vn 0.000000 -0.707747 -0.706466
vn 0.000000 -0.707747 -0.706466
vn 0.000000 -0.634819 -0.772661
vn 0.000000 -0.999900 0.014110
vn 0.000000 -0.248906 -0.968528
vn 0.000000 -0.248906 -0.968528
vn 0.000000 -0.248906 -0.968528
vn 0.000000 -0.996954 -0.077993
vn 0.000000 0.997049 -0.076773
vn -0.000000 -0.697315 -0.716765
vn 0.000000 -0.984845 0.173435
vn 0.000001 0.824682 -0.565597
vn 0.000001 0.824682 -0.565597
vn 0.000001 0.824682 -0.565597
vn -0.000000 -0.741087 -0.671409
vn 0.000000 -0.889100 0.457713
vn -0.000001 -0.962689 -0.270610
vn 0.000000 -0.790117 0.612956
vn 0.000000 -0.649469 -0.760388
vn 0.000000 -0.649469 -0.760388
vn 0.000000 -0.649469 -0.760388
vn 0.000000 -0.978975 0.203978
vn 0.000000 -0.586077 0.810255
vn 0.000000 0.473496 0.880796
vn 0.000000 0.473496 0.880796
vn 0.000000 0.473496 0.880796
vn 0.000000 -0.465007 0.885307
vn 0.000000 -0.599578 0.800316
vn -0.000001 -0.861616 0.507560
vn 0.000000 -0.989259 0.146172
vn 0.000000 -0.642362 0.766402
vn 0.000000 -0.153795 0.988103
vn 0.000000 -0.805147 0.593076
vn 0.000000 0.663392 -0.748272
vn 0.000000 -0.903133 -0.429361
vn 0.000000 -0.584383 0.811478
vn -0.000001 -0.905013 -0.425385
vn 0.000000 -0.257195 0.966360
vn 0.000000 -0.432061 0.901844
vn 0.000000 -0.985786 -0.168007
vn 0.000000 -0.270190 0.962807
vn -0.000003 0.431655 -0.902039
vn -0.000001 -0.996110 0.088116
vn 0.000000 0.234279 -0.972169
vn 0.000000 -0.970841 0.239723
vn 0.000000 0.942541 0.334091
vn 0.000000 0.942541 0.334091
vn 0.000000 0.942541 0.334091
vn 0.000000 -0.247223 0.968959
vn 0.000000 -0.694963 0.719046
vn 0.000000 0.518339 -0.855175
vn 0.000000 0.238253 -0.971203
vn -0.000001 -0.576671 0.816976
vn 0.000000 0.976377 -0.216072
vn 0.000000 -0.256808 0.966462
vn 0.000000 0.900114 0.435654
vn 0.000000 0.513127 0.858312
vn 0.000000 0.281082 0.959684
vn 0.000000 0.563359 0.826212
vn 0.000000 -0.432939 -0.901423
vn 0.000000 0.554324 0.832301
vn 0.000000 -0.013305 0.999911
vn 0.000000 -0.810519 0.585712
vn 0.000000 0.528112 0.849175
vn 0.000000 -0.561999 0.827138
vn 0.000000 0.549039 0.835797
vn 0.000000 0.310502 0.950573
vn 0.000000 0.310502 0.950573
vn 0.000000 0.310502 0.950573
vn 0.000000 -0.995184 0.098025
vn 0.000000 -0.549796 -0.835299
vn 0.000000 0.944333 0.328992
vn 0.000000 0.944333 0.328992
vn 0.000000 0.944333 0.328992
vn 0.000000 -0.908864 0.417093
vn 0.000000 0.329862 -0.944029
vn 0.000000 0.329862 -0.944029
vn 0.000000 0.329862 -0.944029
vn 0.000000 -0.993807 0.111123
vn 0.000000 -0.063610 0.997975
vn 0.000000 0.120675 -0.992692
vn 0.000000 -0.980313 -0.197450
vn 0.000000 -0.980313 -0.197450
vn 0.000000 -0.980313 -0.197450
vn 0.000000 0.082698 -0.996575
vn 0.000000 0.327819 -0.944741
vn 0.000000 0.997487 0.070847
vn 0.000000 -0.964933 -0.262498
vn 0.000000 0.230527 0.973066
vn 0.000000 -0.803751 -0.594966
vn 0.000000 0.974849 -0.222866
vn 0.000000 -0.222469 -0.974940
vn 0.000000 -0.599405 -0.800446
vn 0.000000 -0.974878 0.222738
vn 0.000000 0.285629 0.958340
vn 0.000000 0.285629 0.958340
vn 0.000000 0.285629 0.958340
vn 0.000000 0.185961 0.982557
vn 0.000000 0.633049 0.774112
vn 0.000000 0.996253 -0.086484
vn 0.000000 -0.191673 -0.981459
vn 0.000000 0.558690 0.829377
vn 0.000000 -0.996255 0.086470
vn 0.000000 -0.923023 0.384745
vn 0.000000 -0.923023 0.384745
vn 0.000000 -0.923023 0.384745
vn 0.000000 0.002353 0.999997
vn 0.000000 0.002353 0.999997
vn 0.000000 0.002353 0.999997
vn 0.000000 1.000000 0.000000
vn 0.000000 1.000000 0.000000
vn 0.000000 1.000000 0.000000
f 114/114/114 115/115/115 116/116/116
f 126/126/126 127/127/127 128/128/128
f 167/167/167 168/168/168 169/169/169
f 173/173/173 174/174/174 175/175/175
f 199/199/199 200/200/200 201/201/201
f 205/205/205 206/206/206 207/207/207
f 215/215/215 216/216/216 217/217/217
f 224/224/224 225/225/225 226/226/226
f 241/241/241 242/242/242 243/243/243
f 244/244/244 245/245/245 246/246/246
f 257/257/257 258/258/258 259/259/259
f 272/272/272 273/273/273 274/274/274
f 278/278/278 279/279/279 280/280/280
f 291/291/291 292/292/292 293/293/293
f 294/294/294 295/295/295 296/296/296
f 311/311/311 312/312/312 313/313/313
f 317/317/317 318/318/318 319/319/319
f 326/326/326 327/327/327 328/328/328
f 332/332/332 333/333/333 334/334/334
f 347/347/347 348/348/348 349/349/349
f 353/353/353 354/354/354 355/355/355
f 356/356/356 354/354/354 357/357/357
f 379/379/379 378/378/378 377/377/377
f 395/395/395 396/396/396 397/397/397
f 404/404/404 405/405/405 406/406/406
f 410/410/410 411/411/411 412/412/412
f 413/413/413 414/414/414 415/415/415
f 425/425/425 426/426/426 427/427/427
f 428/428/428 429/429/429 430/430/430
f 431/431/431 432/432/432 433/433/433
f 453/453/453 454/454/454 455/455/455
f 474/474/474 475/475/475 476/476/476
f 498/498/498 499/499/499 500/500/500
f 501/501/501 502/502/502 503/503/503
f 513/513/513 514/514/514 515/515/515
f 540/540/540 541/541/541 542/542/542
f 615/615/615 616/616/616 617/617/617
f 621/621/621 622/622/622 623/623/623
f 654/654/654 655/655/655 656/656/656
f 675/675/675 676/676/676 677/677/677
f 678/678/678 679/679/679 680/680/680
f 684/684/684 685/685/685 686/686/686
f 690/690/690 691/691/691 692/692/692
f 732/732/732 733/733/733 734/734/734
f 741/741/741 742/742/742 743/743/743
f 747/747/747 748/748/748 749/749/749
f 756/756/756 757/757/757 758/758/758
f 768/768/768 769/769/769 770/770/770
f 795/795/795 796/796/796 797/797/797
f 840/840/840 841/841/841 842/842/842
f 846/846/846 847/847/847 848/848/848
f 849/849/849 850/850/850 851/851/851
f 852/852/852 853/853/853 854/854/854
f 855/855/855 856/856/856 857/857/857
f 858/858/858 859/859/859 860/860/860
f 867/867/867 868/868/868 869/869/869
f 876/876/876 877/877/877 878/878/878
f 879/879/879 880/880/880 881/881/881
f 909/909/909 910/910/910 911/911/911
f 912/912/912 913/913/913 914/914/914
f 921/921/921 922/922/922 923/923/923
f 930/930/930 931/931/931 932/932/932
f 969/969/969 970/970/970 971/971/971
f 978/978/978 979/979/979 980/980/980
f 981/981/981 982/982/982 983/983/983
f 987/987/987 988/988/988 989/989/989
f 996/996/996 997/997/997 998/998/998
f 1011/1011/1011 1012/1012/1012 1013/1013/1013
f 1026/1026/1026 1027/1027/1027 1028/1028/1028
f 1035/1035/1035 1036/1036/1036 1037/1037/1037
f 1095/1095/1095 1096/1096/1096 1097/1097/1097
f 1152/1152/1152 1153/1153/1153 1154/1154/1154
f 1161/1161/1161 1162/1162/1162 1163/1163/1163
f 1167/1167/1167 1168/1168/1168 1169/1169/1169
f 1179/1179/1179 1180/1180/1180 1181/1181/1181
f 1212/1212/1212 1213/1213/1213 1214/1214/1214
f 1233/1233/1233 1234/1234/1234 1235/1235/1235
f 1236/1236/1236 1237/1237/1237 1238/1238/1238
f 1239/1239/1239 1240/1240/1240 1241/1241/1241
f 1267/1267/1267 1268/1268/1268 1269/1269/1269
f 1270/1270/1270 1271/1271/1271 1272/1272/1272
f 1276/1276/1276 1277/1277/1277 1278/1278/1278
f 1279/1279/1279 1280/1280/1280 1281/1281/1281
f 189/189/189 1307/1307/1307 187/187/187
f 1308/1308/1308 1309/1309/1309 1310/1310/1310
f 1312/1312/1312 1313/1313/1313 1314/1314/1314
f 1315/1315/1315 1311/1311/1311 1300/1300/1300
f 1345/1345/1345 1346/1346/1346 1347/1347/1347
f 1348/1348/1348 1338/1338/1338 1340/1340/1340
f 1349/1349/1349 1350/1350/1350 1348/1348/1348
f 1353/1353/1353 1354/1354/1354 1355/1355/1355
f 1329/1329/1329 1326/1326/1326 1356/1356/1356
f 1379/1379/1379 1380/1380/1380 1381/1381/1381
f 196/196/196 1389/1389/1389 197/197/197
f 1390/1390/1390 1391/1391/1391 1392/1392/1392
f 1393/1393/1393 1394/1394/1394 1395/1395/1395
f 1399/1399/1399 1400/1400/1400 1401/1401/1401
f 1402/1402/1402 1403/1403/1403 1404/1404/1404
f 1406/1406/1406 1407/1407/1407 1395/1395/1395
f 1408/1408/1408 1409/1409/1409 1410/1410/1410
f 1411/1411/1411 1412/1412/1412 1413/1413/1413
f 1416/1416/1416 1417/1417/1417 1418/1418/1418
f 1420/1420/1420 1422/1422/1422 1423/1423/1423
f 1424/1424/1424 1425/1425/1425 1419/1419/1419
f 1428/1428/1428 1429/1429/1429 1430/1430/1430
f 1434/1434/1434 1435/1435/1435 1436/1436/1436
f 1441/1441/1441 1442/1442/1442 1443/1443/1443
f 1449/1449/1449 1450/1450/1450 1451/1451/1451
f 1453/1453/1453 1454/1454/1454 1455/1455/1455
f 1467/1467/1467 1430/1430/1430 1468/1468/1468
f 1471/1471/1471 1472/1472/1472 1473/1473/1473
f 204/204/204 1482/1482/1482 1483/1483/1483
f 1484/1484/1484 1485/1485/1485 1486/1486/1486
f 202/202/202 1491/1491/1491 1492/1492/1492
f 1488/1488/1488 1493/1493/1493 202/202/202
f 1496/1496/1496 1497/1497/1497 1498/1498/1498
f 1508/1508/1508 1509/1509/1509 1510/1510/1510
f 1512/1512/1512 1513/1513/1513 1514/1514/1514
f 254/254/254 1516/1516/1516 256/256/256
f 1521/1521/1521 1522/1522/1522 1523/1523/1523
f 269/269/269 1525/1525/1525 271/271/271
f 1527/1527/1527 1528/1528/1528 1529/1529/1529
f 1530/1530/1530 1531/1531/1531 281/281/281
f 1533/1533/1533 1534/1534/1534 288/288/288
f 288/288/288 1535/1535/1535 290/290/290
f 1536/1536/1536 1537/1537/1537 1538/1538/1538
f 304/304/304 303/303/303 1542/1542/1542
f 1543/1543/1543 1544/1544/1544 1545/1545/1545
f 1547/1547/1547 1548/1548/1548 1549/1549/1549
f 1550/1550/1550 1551/1551/1551 1552/1552/1552
f 1562/1562/1562 1563/1563/1563 1564/1564/1564
f 1559/1559/1559 1567/1567/1567 320/320/320
f 1582/1582/1582 1583/1583/1583 1584/1584/1584
f 1575/1575/1575 1587/1587/1587 1586/1586/1586
f 1588/1588/1588 1589/1589/1589 1590/1590/1590
f 1578/1578/1578 1591/1591/1591 1592/1592/1592
f 1598/1598/1598 1599/1599/1599 1600/1600/1600
f 1585/1585/1585 1626/1626/1626 324/324/324
f 1622/1622/1622 1627/1627/1627 1620/1620/1620
f 1628/1628/1628 1629/1629/1629 1630/1630/1630
f 329/329/329 1648/1648/1648 330/330/330
f 1644/1644/1644 1650/1650/1650 1642/1642/1642
f 1654/1654/1654 1655/1655/1655 1656/1656/1656
f 1658/1658/1658 1659/1659/1659 1660/1660/1660
f 1661/1661/1661 1662/1662/1662 1663/1663/1663
f 1653/1653/1653 1664/1664/1664 1651/1651/1651
f 332/332/332 1667/1667/1667 1668/1668/1668
f 1669/1669/1669 1670/1670/1670 1671/1671/1671
f 1672/1672/1672 1673/1673/1673 1674/1674/1674
f 1675/1675/1675 1676/1676/1676 1677/1677/1677
f 1678/1678/1678 1679/1679/1679 1680/1680/1680
f 1682/1682/1682 1684/1684/1684 1674/1674/1674
f 1691/1691/1691 1692/1692/1692 1693/1693/1693
f 1677/1677/1677 1700/1700/1700 1701/1701/1701
f 1706/1706/1706 1707/1707/1707 1708/1708/1708
f 1711/1711/1711 1712/1712/1712 1699/1699/1699
f 1718/1718/1718 1719/1719/1719 1720/1720/1720
f 1722/1722/1722 1723/1723/1723 1724/1724/1724
f 1727/1727/1727 1728/1728/1728 1729/1729/1729
f 1733/1733/1733 1734/1734/1734 1735/1735/1735
f 1736/1736/1736 1737/1737/1737 1738/1738/1738
f 1743/1743/1743 1744/1744/1744 1745/1745/1745
f 1745/1745/1745 1746/1746/1746 1747/1747/1747
f 1750/1750/1750 1751/1751/1751 1752/1752/1752
f 1754/1754/1754 1755/1755/1755 1756/1756/1756
f 1762/1762/1762 1763/1763/1763 1764/1764/1764
f 1766/1766/1766 1767/1767/1767 1768/1768/1768
f 1770/1770/1770 1771/1771/1771 1772/1772/1772
f 1773/1773/1773 1774/1774/1774 1775/1775/1775
f 1777/1777/1777 1778/1778/1778 1779/1779/1779
f 1781/1781/1781 403/403/403 402/402/402
f 1784/1784/1784 1785/1785/1785 1786/1786/1786
f 1787/1787/1787 1788/1788/1788 1789/1789/1789
f 1793/1793/1793 1794/1794/1794 1795/1795/1795
f 1796/1796/1796 1797/1797/1797 1798/1798/1798
f 1799/1799/1799 1800/1800/1800 1801/1801/1801
f 436/436/436 435/435/435 1802/1802/1802
f 1807/1807/1807 1808/1808/1808 1809/1809/1809
f 1810/1810/1810 1811/1811/1811 1812/1812/1812
f 1819/1819/1819 1820/1820/1820 1821/1821/1821
f 1829/1829/1829 1830/1830/1830 1831/1831/1831
f 1832/1832/1832 1833/1833/1833 1834/1834/1834
f 1838/1838/1838 1839/1839/1839 1840/1840/1840
f 1849/1849/1849 1850/1850/1850 1851/1851/1851
f 1876/1876/1876 1877/1877/1877 1878/1878/1878
f 1880/1880/1880 1881/1881/1881 1882/1882/1882
f 1893/1893/1893 1894/1894/1894 1895/1895/1895
f 1902/1902/1902 1903/1903/1903 1904/1904/1904
f 1905/1905/1905 1906/1906/1906 1907/1907/1907
f 1909/1909/1909 1910/1910/1910 1911/1911/1911
f 1913/1913/1913 1914/1914/1914 1915/1915/1915
f 1929/1929/1929 1930/1930/1930 1931/1931/1931
f 1934/1934/1934 1935/1935/1935 1936/1936/1936
f 1938/1938/1938 1939/1939/1939 1940/1940/1940
f 1943/1943/1943 1944/1944/1944 1945/1945/1945
f 1949/1949/1949 1950/1950/1950 1951/1951/1951
f 1960/1960/1960 1961/1961/1961 1962/1962/1962
f 1977/1977/1977 1978/1978/1978 1979/1979/1979
f 1981/1981/1981 1982/1982/1982 1983/1983/1983
f 1984/1984/1984 1985/1985/1985 1986/1986/1986
f 1987/1987/1987 1988/1988/1988 1989/1989/1989
f 1990/1990/1990 1991/1991/1991 1992/1992/1992
f 1993/1993/1993 1994/1994/1994 1995/1995/1995
f 1998/1998/1998 1999/1999/1999 2000/2000/2000
f 2003/2003/2003 2004/2004/2004 2005/2005/2005
f 2006/2006/2006 2007/2007/2007 2008/2008/2008
f 2018/2018/2018 2019/2019/2019 2020/2020/2020
f 2021/2021/2021 2022/2022/2022 2023/2023/2023
f 2026/2026/2026 2027/2027/2027 2028/2028/2028
f 2031/2031/2031 2032/2032/2032 2033/2033/2033
f 2046/2046/2046 2047/2047/2047 2048/2048/2048
f 2051/2051/2051 2052/2052/2052 2053/2053/2053
f 2054/2054/2054 2055/2055/2055 2056/2056/2056
f 2058/2058/2058 2059/2059/2059 2060/2060/2060
f 2063/2063/2063 2064/2064/2064 2065/2065/2065
f 2070/2070/2070 2071/2071/2071 2072/2072/2072
f 2077/2077/2077 2078/2078/2078 2079/2079/2079
f 2082/2082/2082 2083/2083/2083 2084/2084/2084
f 2104/2104/2104 2105/2105/2105 2106/2106/2106
f 2125/2125/2125 2126/2126/2126 2127/2127/2127
f 2130/2130/2130 2131/2131/2131 2132/2132/2132
f 2134/2134/2134 2135/2135/2135 2136/2136/2136
f 2140/2140/2140 2141/2141/2141 2142/2142/2142
f 2153/2153/2153 2154/2154/2154 2155/2155/2155
f 2162/2162/2162 2163/2163/2163 2164/2164/2164
f 2165/2165/2165 2166/2166/2166 2167/2167/2167
f 2168/2168/2168 2169/2169/2169 2170/2170/2170
f 262/262/262 263/263/263 264/264/264
f 383/383/383 384/384/384 381/381/381
f 439/439/439 440/440/440 437/437/437
f 1304/1304/1304 1305/1305/1305 188/188/188
f 1305/1305/1305 1306/1306/1306 189/189/189
f 1323/1323/1323 1329/1329/1329 1322/1322/1322
f 1332/1332/1332 1333/1333/1333 1330/1330/1330
f 1320/1320/1320 1332/1332/1332 1318/1318/1318
f 1343/1343/1343 1344/1344/1344 1328/1328/1328
f 1368/1368/1368 1370/1370/1370 1369/1369/1369
f 1375/1375/1375 1377/1377/1377 1376/1376/1376
f 1385/1385/1385 1387/1387/1387 1386/1386/1386
f 1384/1384/1384 196/196/196 1388/1388/1388
f 1423/1423/1423 1431/1431/1431 1421/1421/1421
f 1459/1459/1459 1461/1461/1461 1460/1460/1460
f 1466/1466/1466 1469/1469/1469 1465/1465/1465
f 1458/1458/1458 1462/1462/1462 1470/1470/1470
f 1480/1480/1480 1475/1475/1475 1474/1474/1474
f 203/203/203 1490/1490/1490 1489/1489/1489
f 1494/1494/1494 208/208/208 210/210/210
f 1540/1540/1540 300/300/300 302/302/302
f 1556/1556/1556 1557/1557/1557 1553/1553/1553
f 1566/1566/1566 1553/1553/1553 322/322/322
f 1571/1571/1571 1573/1573/1573 1586/1586/1586
f 1603/1603/1603 1606/1606/1606 1608/1608/1608
f 1622/1622/1622 1617/1617/1617 1619/1619/1619
f 1619/1619/1619 1615/1615/1615 1616/1616/1616
f 330/330/330 1649/1649/1649 331/331/331
f 331/331/331 1646/1646/1646 1647/1647/1647
f 1689/1689/1689 1683/1683/1683 1674/1674/1674
f 1705/1705/1705 1697/1697/1697 1704/1704/1704
f 1745/1745/1745 1748/1748/1748 1741/1741/1741
f 1739/1739/1739 1747/1747/1747 335/335/335
f 1577/1577/1577 1569/1569/1569 1578/1578/1578
f 1699/1699/1699 1713/1713/1713 1716/1716/1716
f 10/10/10 1245/1245/1245 11/11/11
f 19/19/19 1254/1254/1254 1250/1250/1250
f 11/11/11 1246/1246/1246 12/12/12
f 18/18/18 1253/1253/1253 19/19/19
f 11/11/11 12/12/12 10/10/10
f 10/10/10 12/12/12 1248/1248/1248
f 18/18/18 19/19/19 17/17/17
f 17/17/17 19/19/19 1250/1250/1250
f 32/32/32 30/30/30 31/31/31
f 31/31/31 30/30/30 104/104/104
f 38/38/38 36/36/36 37/37/37
f 37/37/37 36/36/36 1256/1256/1256
f 40/40/40 27/27/27 39/39/39
f 39/39/39 27/27/27 29/29/29
f 34/34/34 38/38/38 35/35/35
f 35/35/35 38/38/38 37/37/37
f 44/44/44 43/43/43 39/39/39
f 39/39/39 43/43/43 40/40/40
f 47/47/47 45/45/45 46/46/46
f 46/46/46 45/45/45 55/55/55
f 50/50/50 48/48/48 49/49/49
f 49/49/49 48/48/48 57/57/57
f 52/52/52 32/32/32 51/51/51
f 51/51/51 32/32/32 58/58/58
f 55/55/55 45/45/45 49/49/49
f 49/49/49 45/45/45 50/50/50
f 57/57/57 48/48/48 56/56/56
f 56/56/56 48/48/48 1258/1258/1258
f 54/54/54 53/53/53 59/59/59
f 59/59/59 53/53/53 1259/1259/1259
f 55/55/55 49/49/49 60/60/60
f 60/60/60 49/49/49 64/64/64
f 57/57/57 56/56/56 61/61/61
f 61/61/61 56/56/56 1260/1260/1260
f 63/63/63 46/46/46 60/60/60
f 60/60/60 46/46/46 55/55/55
f 64/64/64 49/49/49 61/61/61
f 61/61/61 49/49/49 57/57/57
f 68/68/68 66/66/66 67/67/67
f 67/67/67 66/66/66 76/76/76
f 70/70/70 65/65/65 69/69/69
f 69/69/69 65/65/65 77/77/77
f 59/59/59 72/72/72 33/33/33
f 33/33/33 72/72/72 80/80/80
f 76/76/76 66/66/66 75/75/75
f 75/75/75 66/66/66 1261/1261/1261
f 65/65/65 62/62/62 77/77/77
f 77/77/77 62/62/62 71/71/71
f 74/74/74 67/67/67 81/81/81
f 81/81/81 67/67/67 86/86/86
f 76/76/76 75/75/75 82/82/82
f 82/82/82 75/75/75 1262/1262/1262
f 79/79/79 74/74/74 85/85/85
f 85/85/85 74/74/74 81/81/81
f 86/86/86 67/67/67 82/82/82
f 82/82/82 67/67/67 76/76/76
f 90/90/90 88/88/88 89/89/89
f 89/89/89 88/88/88 97/97/97
f 84/84/84 83/83/83 91/91/91
f 91/91/91 83/83/83 98/98/98
f 95/95/95 94/94/94 89/89/89
f 89/89/89 94/94/94 90/90/90
f 97/97/97 88/88/88 96/96/96
f 96/96/96 88/88/88 1264/1264/1264
f 100/100/100 94/94/94 99/99/99
f 99/99/99 94/94/94 95/95/95
f 93/93/93 92/92/92 101/101/101
f 101/101/101 92/92/92 110/110/110
f 95/95/95 89/89/89 102/102/102
f 102/102/102 89/89/89 106/106/106
f 97/97/97 96/96/96 103/103/103
f 103/103/103 96/96/96 1265/1265/1265
f 105/105/105 99/99/99 102/102/102
f 102/102/102 99/99/99 95/95/95
f 106/106/106 89/89/89 103/103/103
f 103/103/103 89/89/89 97/97/97
f 109/109/109 108/108/108 27/27/27
f 27/27/27 108/108/108 41/41/41
f 40/40/40 111/111/111 27/27/27
f 27/27/27 111/111/111 109/109/109
f 108/108/108 112/112/112 41/41/41
f 41/41/41 112/112/112 1257/1257/1257
f 113/113/113 111/111/111 43/43/43
f 43/43/43 111/111/111 40/40/40
f 134/134/134 132/132/132 133/133/133
f 133/133/133 132/132/132 1283/1283/1283
f 143/143/143 141/141/141 142/142/142
f 142/142/142 141/141/141 160/160/160
f 146/146/146 144/144/144 145/145/145
f 145/145/145 144/144/144 1286/1286/1286
f 149/149/149 147/147/147 148/148/148
f 148/148/148 147/147/147 153/153/153
f 153/153/153 147/147/147 152/152/152
f 152/152/152 147/147/147 1287/1287/1287
f 141/141/141 159/159/159 160/160/160
f 160/160/160 159/159/159 1291/1291/1291
f 163/163/163 161/161/161 162/162/162
f 162/162/162 161/161/161 1292/1292/1292
f 178/178/178 176/176/176 177/177/177
f 177/177/177 176/176/176 1295/1295/1295
f 181/181/181 179/179/179 180/180/180
f 180/180/180 179/179/179 1296/1296/1296
f 184/184/184 182/182/182 183/183/183
f 183/183/183 182/182/182 1297/1297/1297
f 186/186/186 176/176/176 185/185/185
f 185/185/185 176/176/176 178/178/178
f 572/572/572 570/570/570 571/571/571
f 571/571/571 570/570/570 1861/1861/1861
f 587/587/587 585/585/585 586/586/586
f 586/586/586 585/585/585 1866/1866/1866
f 593/593/593 591/591/591 592/592/592
f 592/592/592 591/591/591 1868/1868/1868
f 614/614/614 612/612/612 613/613/613
f 613/613/613 612/612/612 1875/1875/1875
f 674/674/674 672/672/672 673/673/673
f 673/673/673 672/672/672 1901/1901/1901
f 689/689/689 687/687/687 688/688/688
f 688/688/688 687/687/687 1912/1912/1912
f 701/701/701 699/699/699 700/700/700
f 700/700/700 699/699/699 1918/1918/1918
f 719/719/719 717/717/717 718/718/718
f 718/718/718 717/717/717 1924/1924/1924
f 776/776/776 774/774/774 775/775/775
f 775/775/775 774/774/774 1953/1953/1953
f 839/839/839 837/837/837 838/838/838
f 838/838/838 837/837/837 1976/1976/1976
f 899/899/899 897/897/897 898/898/898
f 898/898/898 897/897/897 2014/2014/2014
f 902/902/902 900/900/900 901/901/901
f 901/901/901 900/900/900 2015/2015/2015
f 908/908/908 906/906/906 907/907/907
f 907/907/907 906/906/906 2017/2017/2017
f 938/938/938 936/936/936 937/937/937
f 937/937/937 936/936/936 2035/2035/2035
f 947/947/947 945/945/945 946/946/946
f 946/946/946 945/945/945 2038/2038/2038
f 1031/1031/1031 1029/1029/1029 1030/1030/1030
f 1030/1030/1030 1029/1029/1029 2080/2080/2080
f 1046/1046/1046 1044/1044/1044 1045/1045/1045
f 1045/1045/1045 1044/1044/1044 2087/2087/2087
f 1064/1064/1064 1062/1062/1062 1063/1063/1063
f 1063/1063/1063 1062/1062/1062 2093/2093/2093
f 1070/1070/1070 1068/1068/1068 1069/1069/1069
f 1069/1069/1069 1068/1068/1068 2095/2095/2095
f 1085/1085/1085 1083/1083/1083 1084/1084/1084
f 1084/1084/1084 1083/1083/1083 2100/2100/2100
f 1088/1088/1088 1086/1086/1086 1087/1087/1087
f 1087/1087/1087 1086/1086/1086 2101/2101/2101
f 1094/1094/1094 1092/1092/1092 1093/1093/1093
f 1093/1093/1093 1092/1092/1092 2103/2103/2103
f 1112/1112/1112 1110/1110/1110 1111/1111/1111
f 1111/1111/1111 1110/1110/1110 2111/2111/2111
f 1118/1118/1118 1116/1116/1116 1117/1117/1117
f 1117/1117/1117 1116/1116/1116 2113/2113/2113
f 1130/1130/1130 1128/1128/1128 1129/1129/1129
f 1129/1129/1129 1128/1128/1128 2117/2117/2117
f 1139/1139/1139 1137/1137/1137 1138/1138/1138
f 1138/1138/1138 1137/1137/1137 2120/2120/2120
f 12/12/12 1247/1247/1247 1248/1248/1248
f 1248/1248/1248 1247/1247/1247 1249/1249/1249
f 17/17/17 1251/1251/1251 18/18/18
f 18/18/18 1251/1251/1251 1252/1252/1252
f 1289/1289/1289 156/156/156 1288/1288/1288
f 1288/1288/1288 156/156/156 158/158/158
f 1242/1242/1242 2/2/2 1/1/1
f 1/1/1 2/2/2 3/3/3
f 1/1/1 3/3/3 15/15/15
f 15/15/15 3/3/3 16/16/16
f 1243/1243/1243 5/5/5 4/4/4
f 4/4/4 5/5/5 6/6/6
f 4/4/4 6/6/6 13/13/13
f 13/13/13 6/6/6 14/14/14
f 1244/1244/1244 8/8/8 7/7/7
f 7/7/7 8/8/8 9/9/9
f 7/7/7 9/9/9 25/25/25
f 25/25/25 9/9/9 26/26/26
f 1255/1255/1255 21/21/21 20/20/20
f 20/20/20 21/21/21 22/22/22
f 20/20/20 22/22/22 23/23/23
f 23/23/23 22/22/22 24/24/24
f 29/29/29 27/27/27 28/28/28
f 28/28/28 27/27/27 41/41/41
f 28/28/28 41/41/41 42/42/42
f 42/42/42 41/41/41 1257/1257/1257
f 37/37/37 53/53/53 35/35/35
f 35/35/35 53/53/53 54/54/54
f 35/35/35 54/54/54 33/33/33
f 33/33/33 54/54/54 59/59/59
f 32/32/32 31/31/31 58/58/58
f 58/58/58 31/31/31 62/62/62
f 58/58/58 62/62/62 51/51/51
f 51/51/51 62/62/62 65/65/65
f 68/68/68 67/67/67 73/73/73
f 73/73/73 67/67/67 74/74/74
f 73/73/73 74/74/74 78/78/78
f 78/78/78 74/74/74 79/79/79
f 87/87/87 69/69/69 84/84/84
f 84/84/84 69/69/69 77/77/77
f 84/84/84 77/77/77 83/83/83
f 83/83/83 77/77/77 71/71/71
f 83/83/83 71/71/71 31/31/31
f 31/31/31 71/71/71 62/62/62
f 1263/1263/1263 92/92/92 80/80/80
f 80/80/80 92/92/92 93/93/93
f 80/80/80 93/93/93 33/33/33
f 33/33/33 93/93/93 101/101/101
f 83/83/83 31/31/31 98/98/98
f 98/98/98 31/31/31 104/104/104
f 98/98/98 104/104/104 91/91/91
f 91/91/91 104/104/104 107/107/107
f 1266/1266/1266 36/36/36 110/110/110
f 110/110/110 36/36/36 38/38/38
f 110/110/110 38/38/38 101/101/101
f 101/101/101 38/38/38 34/34/34
f 101/101/101 34/34/34 33/33/33
f 33/33/33 34/34/34 35/35/35
f 143/143/143 142/142/142 150/150/150
f 150/150/150 142/142/142 151/151/151
f 150/150/150 151/151/151 154/154/154
f 154/154/154 151/151/151 155/155/155
f 119/119/119 117/117/117 118/118/118
f 118/118/118 117/117/117 1273/1273/1273
f 122/122/122 120/120/120 121/121/121
f 121/121/121 120/120/120 1274/1274/1274
f 125/125/125 123/123/123 124/124/124
f 124/124/124 123/123/123 1275/1275/1275
f 131/131/131 129/129/129 130/130/130
f 130/130/130 129/129/129 1282/1282/1282
f 137/137/137 135/135/135 136/136/136
f 136/136/136 135/135/135 1284/1284/1284
f 140/140/140 138/138/138 139/139/139
f 139/139/139 138/138/138 1285/1285/1285
f 158/158/158 156/156/156 157/157/157
f 157/157/157 156/156/156 1290/1290/1290
f 166/166/166 164/164/164 165/165/165
f 165/165/165 164/164/164 1293/1293/1293
f 172/172/172 170/170/170 171/171/171
f 171/171/171 170/170/170 1294/1294/1294
f 187/187/187 188/188/188 189/189/189
f 189/189/189 188/188/188 1305/1305/1305
f 190/190/190 191/191/191 192/192/192
f 192/192/192 191/191/191 1364/1364/1364
f 197/197/197 198/198/198 196/196/196
f 196/196/196 198/198/198 1388/1388/1388
f 202/202/202 203/203/203 204/204/204
f 204/204/204 203/203/203 1474/1474/1474
f 210/210/210 208/208/208 209/209/209
f 209/209/209 208/208/208 1495/1495/1495
f 212/212/212 209/209/209 211/211/211
f 211/211/211 209/209/209 1495/1495/1495
f 214/214/214 212/212/212 213/213/213
f 213/213/213 212/212/212 211/211/211
f 220/220/220 218/218/218 219/219/219
f 219/219/219 218/218/218 1499/1499/1499
f 223/223/223 221/221/221 222/222/222
f 222/222/222 221/221/221 1500/1500/1500
f 228/228/228 229/229/229 227/227/227
f 227/227/227 229/229/229 222/222/222
f 230/230/230 231/231/231 232/232/232
f 232/232/232 231/231/231 1505/1505/1505
f 233/233/233 234/234/234 235/235/235
f 235/235/235 234/234/234 1506/1506/1506
f 249/249/249 247/247/247 248/248/248
f 248/248/248 247/247/247 1511/1511/1511
f 250/250/250 251/251/251 252/252/252
f 252/252/252 251/251/251 1515/1515/1515
f 253/253/253 254/254/254 255/255/255
f 255/255/255 254/254/254 256/256/256
f 260/260/260 261/261/261 262/262/262
f 262/262/262 261/261/261 263/263/263
f 265/265/265 266/266/266 267/267/267
f 267/267/267 266/266/266 1524/1524/1524
f 268/268/268 269/269/269 270/270/270
f 270/270/270 269/269/269 271/271/271
f 276/276/276 277/277/277 275/275/275
f 275/275/275 277/277/277 1526/1526/1526
f 283/283/283 281/281/281 282/282/282
f 282/282/282 281/281/281 1531/1531/1531
f 286/286/286 284/284/284 285/285/285
f 285/285/285 284/284/284 1532/1532/1532
f 287/287/287 288/288/288 289/289/289
f 289/289/289 288/288/288 290/290/290
f 298/298/298 299/299/299 297/297/297
f 297/297/297 299/299/299 1539/1539/1539
f 302/302/302 300/300/300 301/301/301
f 301/301/301 300/300/300 1541/1541/1541
f 304/304/304 301/301/301 303/303/303
f 303/303/303 301/301/301 1541/1541/1541
f 305/305/305 306/306/306 307/307/307
f 307/307/307 306/306/306 308/308/308
f 310/310/310 308/308/308 309/309/309
f 309/309/309 308/308/308 306/306/306
f 315/315/315 316/316/316 314/314/314
f 314/314/314 316/316/316 1546/1546/1546
f 320/320/320 321/321/321 322/322/322
f 322/322/322 321/321/321 1568/1568/1568
f 324/324/324 325/325/325 323/323/323
f 323/323/323 325/325/325 1607/1607/1607
f 330/330/330 331/331/331 329/329/329
f 329/329/329 331/331/331 1647/1647/1647
f 335/335/335 336/336/336 337/337/337
f 337/337/337 336/336/336 1722/1722/1722
f 340/340/340 338/338/338 339/339/339
f 339/339/339 338/338/338 342/342/342
f 338/338/338 341/341/341 342/342/342
f 342/342/342 341/341/341 344/344/344
f 352/352/352 350/350/350 351/351/351
f 351/351/351 350/350/350 1753/1753/1753
f 358/358/358 359/359/359 360/360/360
f 360/360/360 359/359/359 1756/1756/1756
f 362/362/362 363/363/363 361/361/361
f 361/361/361 363/363/363 1757/1757/1757
f 365/365/365 366/366/366 364/364/364
f 364/364/364 366/366/366 1758/1758/1758
f 368/368/368 369/369/369 367/367/367
f 367/367/367 369/369/369 1759/1759/1759
f 371/371/371 372/372/372 370/370/370
f 370/370/370 372/372/372 1760/1760/1760
f 374/374/374 375/375/375 373/373/373
f 373/373/373 375/375/375 1761/1761/1761
f 378/378/378 376/376/376 377/377/377
f 377/377/377 376/376/376 1765/1765/1765
f 382/382/382 380/380/380 381/381/381
f 381/381/381 380/380/380 383/383/383
f 385/385/385 386/386/386 387/387/387
f 387/387/387 386/386/386 1769/1769/1769
f 388/388/388 389/389/389 390/390/390
f 390/390/390 389/389/389 391/391/391
f 393/393/393 394/394/394 392/392/392
f 392/392/392 394/394/394 1776/1776/1776
f 399/399/399 400/400/400 398/398/398
f 398/398/398 400/400/400 1780/1780/1780
f 403/403/403 401/401/401 402/402/402
f 402/402/402 401/401/401 1782/1782/1782
f 407/407/407 408/408/408 409/409/409
f 409/409/409 408/408/408 1783/1783/1783
f 417/417/417 418/418/418 416/416/416
f 416/416/416 418/418/418 1790/1790/1790
f 420/420/420 421/421/421 419/419/419
f 419/419/419 421/421/421 1791/1791/1791
f 422/422/422 423/423/423 424/424/424
f 424/424/424 423/423/423 1792/1792/1792
f 436/436/436 434/434/434 435/435/435
f 435/435/435 434/434/434 438/438/438
f 438/438/438 434/434/434 437/437/437
f 437/437/437 434/434/434 439/439/439
f 441/441/441 442/442/442 443/443/443
f 443/443/443 442/442/442 1803/1803/1803
f 444/444/444 445/445/445 446/446/446
f 446/446/446 445/445/445 1804/1804/1804
f 447/447/447 448/448/448 449/449/449
f 449/449/449 448/448/448 1805/1805/1805
f 450/450/450 451/451/451 452/452/452
f 452/452/452 451/451/451 1806/1806/1806
f 458/458/458 456/456/456 457/457/457
f 457/457/457 456/456/456 1813/1813/1813
f 461/461/461 459/459/459 460/460/460
f 460/460/460 459/459/459 1814/1814/1814
f 464/464/464 462/462/462 463/463/463
f 463/463/463 462/462/462 1815/1815/1815
f 467/467/467 465/465/465 466/466/466
f 466/466/466 465/465/465 1816/1816/1816
f 470/470/470 468/468/468 469/469/469
f 469/469/469 468/468/468 1817/1817/1817
f 473/473/473 471/471/471 472/472/472
f 472/472/472 471/471/471 1818/1818/1818
f 479/479/479 477/477/477 478/478/478
f 478/478/478 477/477/477 1822/1822/1822
f 482/482/482 480/480/480 481/481/481
f 481/481/481 480/480/480 1823/1823/1823
f 485/485/485 483/483/483 484/484/484
f 484/484/484 483/483/483 1824/1824/1824
f 488/488/488 486/486/486 487/487/487
f 487/487/487 486/486/486 1825/1825/1825
f 491/491/491 489/489/489 490/490/490
f 490/490/490 489/489/489 1826/1826/1826
f 494/494/494 492/492/492 493/493/493
f 493/493/493 492/492/492 1827/1827/1827
f 497/497/497 495/495/495 496/496/496
f 496/496/496 495/495/495 1828/1828/1828
f 506/506/506 504/504/504 505/505/505
f 505/505/505 504/504/504 1835/1835/1835
f 509/509/509 507/507/507 508/508/508
f 508/508/508 507/507/507 1836/1836/1836
f 512/512/512 510/510/510 511/511/511
f 511/511/511 510/510/510 1837/1837/1837
f 518/518/518 516/516/516 517/517/517
f 517/517/517 516/516/516 1841/1841/1841
f 521/521/521 519/519/519 520/520/520
f 520/520/520 519/519/519 1842/1842/1842
f 524/524/524 522/522/522 523/523/523
f 523/523/523 522/522/522 1843/1843/1843
f 527/527/527 525/525/525 526/526/526
f 526/526/526 525/525/525 1844/1844/1844
f 530/530/530 528/528/528 529/529/529
f 529/529/529 528/528/528 1845/1845/1845
f 533/533/533 531/531/531 532/532/532
f 532/532/532 531/531/531 1846/1846/1846
f 536/536/536 534/534/534 535/535/535
f 535/535/535 534/534/534 1847/1847/1847
f 539/539/539 537/537/537 538/538/538
f 538/538/538 537/537/537 1848/1848/1848
f 545/545/545 543/543/543 544/544/544
f 544/544/544 543/543/543 1852/1852/1852
f 548/548/548 546/546/546 547/547/547
f 547/547/547 546/546/546 1853/1853/1853
f 551/551/551 549/549/549 550/550/550
f 550/550/550 549/549/549 1854/1854/1854
f 554/554/554 552/552/552 553/553/553
f 553/553/553 552/552/552 1855/1855/1855
f 557/557/557 555/555/555 556/556/556
f 556/556/556 555/555/555 1856/1856/1856
f 560/560/560 558/558/558 559/559/559
f 559/559/559 558/558/558 1857/1857/1857
f 563/563/563 561/561/561 562/562/562
f 562/562/562 561/561/561 1858/1858/1858
f 566/566/566 564/564/564 565/565/565
f 565/565/565 564/564/564 1859/1859/1859
f 569/569/569 567/567/567 568/568/568
f 568/568/568 567/567/567 1860/1860/1860
f 575/575/575 573/573/573 574/574/574
f 574/574/574 573/573/573 1862/1862/1862
f 578/578/578 576/576/576 577/577/577
f 577/577/577 576/576/576 1863/1863/1863
f 581/581/581 579/579/579 580/580/580
f 580/580/580 579/579/579 1864/1864/1864
f 584/584/584 582/582/582 583/583/583
f 583/583/583 582/582/582 1865/1865/1865
f 590/590/590 588/588/588 589/589/589
f 589/589/589 588/588/588 1867/1867/1867
f 596/596/596 594/594/594 595/595/595
f 595/595/595 594/594/594 1869/1869/1869
f 599/599/599 597/597/597 598/598/598
f 598/598/598 597/597/597 1870/1870/1870
f 602/602/602 600/600/600 601/601/601
f 601/601/601 600/600/600 1871/1871/1871
f 605/605/605 603/603/603 604/604/604
f 604/604/604 603/603/603 1872/1872/1872
f 608/608/608 606/606/606 607/607/607
f 607/607/607 606/606/606 1873/1873/1873
f 611/611/611 609/609/609 610/610/610
f 610/610/610 609/609/609 1874/1874/1874
f 620/620/620 618/618/618 619/619/619
f 619/619/619 618/618/618 1879/1879/1879
f 626/626/626 624/624/624 625/625/625
f 625/625/625 624/624/624 1883/1883/1883
f 629/629/629 627/627/627 628/628/628
f 628/628/628 627/627/627 1884/1884/1884
f 632/632/632 630/630/630 631/631/631
f 631/631/631 630/630/630 1885/1885/1885
f 635/635/635 633/633/633 634/634/634
f 634/634/634 633/633/633 1886/1886/1886
f 638/638/638 636/636/636 637/637/637
f 637/637/637 636/636/636 1887/1887/1887
f 641/641/641 639/639/639 640/640/640
f 640/640/640 639/639/639 1888/1888/1888
f 644/644/644 642/642/642 643/643/643
f 643/643/643 642/642/642 1889/1889/1889
f 647/647/647 645/645/645 646/646/646
f 646/646/646 645/645/645 1890/1890/1890
f 650/650/650 648/648/648 649/649/649
f 649/649/649 648/648/648 1891/1891/1891
f 653/653/653 651/651/651 652/652/652
f 652/652/652 651/651/651 1892/1892/1892
f 659/659/659 657/657/657 658/658/658
f 658/658/658 657/657/657 1896/1896/1896
f 662/662/662 660/660/660 661/661/661
f 661/661/661 660/660/660 1897/1897/1897
f 665/665/665 663/663/663 664/664/664
f 664/664/664 663/663/663 1898/1898/1898
f 668/668/668 666/666/666 667/667/667
f 667/667/667 666/666/666 1899/1899/1899
f 671/671/671 669/669/669 670/670/670
f 670/670/670 669/669/669 1900/1900/1900
f 683/683/683 681/681/681 682/682/682
f 682/682/682 681/681/681 1908/1908/1908
f 695/695/695 693/693/693 694/694/694
f 694/694/694 693/693/693 1916/1916/1916
f 698/698/698 696/696/696 697/697/697
f 697/697/697 696/696/696 1917/1917/1917
f 704/704/704 702/702/702 703/703/703
f 703/703/703 702/702/702 1919/1919/1919
f 707/707/707 705/705/705 706/706/706
f 706/706/706 705/705/705 1920/1920/1920
f 710/710/710 708/708/708 709/709/709
f 709/709/709 708/708/708 1921/1921/1921
f 713/713/713 711/711/711 712/712/712
f 712/712/712 711/711/711 1922/1922/1922
f 716/716/716 714/714/714 715/715/715
f 715/715/715 714/714/714 1923/1923/1923
f 722/722/722 720/720/720 721/721/721
f 721/721/721 720/720/720 1925/1925/1925
f 725/725/725 723/723/723 724/724/724
f 724/724/724 723/723/723 1926/1926/1926
f 728/728/728 726/726/726 727/727/727
f 727/727/727 726/726/726 1927/1927/1927
f 731/731/731 729/729/729 730/730/730
f 730/730/730 729/729/729 1928/1928/1928
f 737/737/737 735/735/735 736/736/736
f 736/736/736 735/735/735 1932/1932/1932
f 740/740/740 738/738/738 739/739/739
f 739/739/739 738/738/738 1933/1933/1933
f 746/746/746 744/744/744 745/745/745
f 745/745/745 744/744/744 1937/1937/1937
f 752/752/752 750/750/750 751/751/751
f 751/751/751 750/750/750 1941/1941/1941
f 755/755/755 753/753/753 754/754/754
f 754/754/754 753/753/753 1942/1942/1942
f 761/761/761 759/759/759 760/760/760
f 760/760/760 759/759/759 1946/1946/1946
f 764/764/764 762/762/762 763/763/763
f 763/763/763 762/762/762 1947/1947/1947
f 767/767/767 765/765/765 766/766/766
f 766/766/766 765/765/765 1948/1948/1948
f 773/773/773 771/771/771 772/772/772
f 772/772/772 771/771/771 1952/1952/1952
f 779/779/779 777/777/777 778/778/778
f 778/778/778 777/777/777 1954/1954/1954
f 782/782/782 780/780/780 781/781/781
f 781/781/781 780/780/780 1955/1955/1955
f 785/785/785 783/783/783 784/784/784
f 784/784/784 783/783/783 1956/1956/1956
f 788/788/788 786/786/786 787/787/787
f 787/787/787 786/786/786 1957/1957/1957
f 791/791/791 789/789/789 790/790/790
f 790/790/790 789/789/789 1958/1958/1958
f 794/794/794 792/792/792 793/793/793
f 793/793/793 792/792/792 1959/1959/1959
f 800/800/800 798/798/798 799/799/799
f 799/799/799 798/798/798 1963/1963/1963
f 803/803/803 801/801/801 802/802/802
f 802/802/802 801/801/801 1964/1964/1964
f 806/806/806 804/804/804 805/805/805
f 805/805/805 804/804/804 1965/1965/1965
f 809/809/809 807/807/807 808/808/808
f 808/808/808 807/807/807 1966/1966/1966
f 812/812/812 810/810/810 811/811/811
f 811/811/811 810/810/810 1967/1967/1967
f 815/815/815 813/813/813 814/814/814
f 814/814/814 813/813/813 1968/1968/1968
f 818/818/818 816/816/816 817/817/817
f 817/817/817 816/816/816 1969/1969/1969
f 821/821/821 819/819/819 820/820/820
f 820/820/820 819/819/819 1970/1970/1970
f 824/824/824 822/822/822 823/823/823
f 823/823/823 822/822/822 1971/1971/1971
f 827/827/827 825/825/825 826/826/826
f 826/826/826 825/825/825 1972/1972/1972
f 830/830/830 828/828/828 829/829/829
f 829/829/829 828/828/828 1973/1973/1973
f 833/833/833 831/831/831 832/832/832
f 832/832/832 831/831/831 1974/1974/1974
f 836/836/836 834/834/834 835/835/835
f 835/835/835 834/834/834 1975/1975/1975
f 845/845/845 843/843/843 844/844/844
f 844/844/844 843/843/843 1980/1980/1980
f 863/863/863 861/861/861 862/862/862
f 862/862/862 861/861/861 1996/1996/1996
f 866/866/866 864/864/864 865/865/865
f 865/865/865 864/864/864 1997/1997/1997
f 872/872/872 870/870/870 871/871/871
f 871/871/871 870/870/870 2001/2001/2001
f 875/875/875 873/873/873 874/874/874
f 874/874/874 873/873/873 2002/2002/2002
f 884/884/884 882/882/882 883/883/883
f 883/883/883 882/882/882 2009/2009/2009
f 887/887/887 885/885/885 886/886/886
f 886/886/886 885/885/885 2010/2010/2010
f 890/890/890 888/888/888 889/889/889
f 889/889/889 888/888/888 2011/2011/2011
f 893/893/893 891/891/891 892/892/892
f 892/892/892 891/891/891 2012/2012/2012
f 896/896/896 894/894/894 895/895/895
f 895/895/895 894/894/894 2013/2013/2013
f 905/905/905 903/903/903 904/904/904
f 904/904/904 903/903/903 2016/2016/2016
f 917/917/917 915/915/915 916/916/916
f 916/916/916 915/915/915 2024/2024/2024
f 920/920/920 918/918/918 919/919/919
f 919/919/919 918/918/918 2025/2025/2025
f 926/926/926 924/924/924 925/925/925
f 925/925/925 924/924/924 2029/2029/2029
f 929/929/929 927/927/927 928/928/928
f 928/928/928 927/927/927 2030/2030/2030
f 935/935/935 933/933/933 934/934/934
f 934/934/934 933/933/933 2034/2034/2034
f 941/941/941 939/939/939 940/940/940
f 940/940/940 939/939/939 2036/2036/2036
f 944/944/944 942/942/942 943/943/943
f 943/943/943 942/942/942 2037/2037/2037
f 950/950/950 948/948/948 949/949/949
f 949/949/949 948/948/948 2039/2039/2039
f 953/953/953 951/951/951 952/952/952
f 952/952/952 951/951/951 2040/2040/2040
f 956/956/956 954/954/954 955/955/955
f 955/955/955 954/954/954 2041/2041/2041
f 959/959/959 957/957/957 958/958/958
f 958/958/958 957/957/957 2042/2042/2042
f 962/962/962 960/960/960 961/961/961
f 961/961/961 960/960/960 2043/2043/2043
f 965/965/965 963/963/963 964/964/964
f 964/964/964 963/963/963 2044/2044/2044
f 968/968/968 966/966/966 967/967/967
f 967/967/967 966/966/966 2045/2045/2045
f 974/974/974 972/972/972 973/973/973
f 973/973/973 972/972/972 2049/2049/2049
f 977/977/977 975/975/975 976/976/976
f 976/976/976 975/975/975 2050/2050/2050
f 986/986/986 984/984/984 985/985/985
f 985/985/985 984/984/984 2057/2057/2057
f 992/992/992 990/990/990 991/991/991
f 991/991/991 990/990/990 2061/2061/2061
f 995/995/995 993/993/993 994/994/994
f 994/994/994 993/993/993 2062/2062/2062
f 1001/1001/1001 999/999/999 1000/1000/1000
f 1000/1000/1000 999/999/999 2066/2066/2066
f 1004/1004/1004 1002/1002/1002 1003/1003/1003
f 1003/1003/1003 1002/1002/1002 2067/2067/2067
f 1007/1007/1007 1005/1005/1005 1006/1006/1006
f 1006/1006/1006 1005/1005/1005 2068/2068/2068
f 1010/1010/1010 1008/1008/1008 1009/1009/1009
f 1009/1009/1009 1008/1008/1008 2069/2069/2069
f 1016/1016/1016 1014/1014/1014 1015/1015/1015
f 1015/1015/1015 1014/1014/1014 2073/2073/2073
f 1019/1019/1019 1017/1017/1017 1018/1018/1018
f 1018/1018/1018 1017/1017/1017 2074/2074/2074
f 1022/1022/1022 1020/1020/1020 1021/1021/1021
f 1021/1021/1021 1020/1020/1020 2075/2075/2075
f 1025/1025/1025 1023/1023/1023 1024/1024/1024
f 1024/1024/1024 1023/1023/1023 2076/2076/2076
f 1034/1034/1034 1032/1032/1032 1033/1033/1033
f 1033/1033/1033 1032/1032/1032 2081/2081/2081
f 1040/1040/1040 1038/1038/1038 1039/1039/1039
f 1039/1039/1039 1038/1038/1038 2085/2085/2085
f 1043/1043/1043 1041/1041/1041 1042/1042/1042
f 1042/1042/1042 1041/1041/1041 2086/2086/2086
f 1049/1049/1049 1047/1047/1047 1048/1048/1048
f 1048/1048/1048 1047/1047/1047 2088/2088/2088
f 1052/1052/1052 1050/1050/1050 1051/1051/1051
f 1051/1051/1051 1050/1050/1050 2089/2089/2089
f 1055/1055/1055 1053/1053/1053 1054/1054/1054
f 1054/1054/1054 1053/1053/1053 2090/2090/2090
f 1058/1058/1058 1056/1056/1056 1057/1057/1057
f 1057/1057/1057 1056/1056/1056 2091/2091/2091
f 1061/1061/1061 1059/1059/1059 1060/1060/1060
f 1060/1060/1060 1059/1059/1059 2092/2092/2092
f 1067/1067/1067 1065/1065/1065 1066/1066/1066
f 1066/1066/1066 1065/1065/1065 2094/2094/2094
f 1073/1073/1073 1071/1071/1071 1072/1072/1072
f 1072/1072/1072 1071/1071/1071 2096/2096/2096
f 1076/1076/1076 1074/1074/1074 1075/1075/1075
f 1075/1075/1075 1074/1074/1074 2097/2097/2097
f 1079/1079/1079 1077/1077/1077 1078/1078/1078
f 1078/1078/1078 1077/1077/1077 2098/2098/2098
f 1082/1082/1082 1080/1080/1080 1081/1081/1081
f 1081/1081/1081 1080/1080/1080 2099/2099/2099
f 1091/1091/1091 1089/1089/1089 1090/1090/1090
f 1090/1090/1090 1089/1089/1089 2102/2102/2102
f 1100/1100/1100 1098/1098/1098 1099/1099/1099
f 1099/1099/1099 1098/1098/1098 2107/2107/2107
f 1103/1103/1103 1101/1101/1101 1102/1102/1102
f 1102/1102/1102 1101/1101/1101 2108/2108/2108
f 1106/1106/1106 1104/1104/1104 1105/1105/1105
f 1105/1105/1105 1104/1104/1104 2109/2109/2109
f 1109/1109/1109 1107/1107/1107 1108/1108/1108
f 1108/1108/1108 1107/1107/1107 2110/2110/2110
f 1115/1115/1115 1113/1113/1113 1114/1114/1114
f 1114/1114/1114 1113/1113/1113 2112/2112/2112
f 1121/1121/1121 1119/1119/1119 1120/1120/1120
f 1120/1120/1120 1119/1119/1119 2114/2114/2114
f 1124/1124/1124 1122/1122/1122 1123/1123/1123
f 1123/1123/1123 1122/1122/1122 2115/2115/2115
f 1127/1127/1127 1125/1125/1125 1126/1126/1126
f 1126/1126/1126 1125/1125/1125 2116/2116/2116
f 1133/1133/1133 1131/1131/1131 1132/1132/1132
f 1132/1132/1132 1131/1131/1131 2118/2118/2118
f 1136/1136/1136 1134/1134/1134 1135/1135/1135
f 1135/1135/1135 1134/1134/1134 2119/2119/2119
f 1142/1142/1142 1140/1140/1140 1141/1141/1141
f 1141/1141/1141 1140/1140/1140 2121/2121/2121
f 1145/1145/1145 1143/1143/1143 1144/1144/1144
f 1144/1144/1144 1143/1143/1143 2122/2122/2122
f 1148/1148/1148 1146/1146/1146 1147/1147/1147
f 1147/1147/1147 1146/1146/1146 2123/2123/2123
f 1151/1151/1151 1149/1149/1149 1150/1150/1150
f 1150/1150/1150 1149/1149/1149 2124/2124/2124
f 1157/1157/1157 1155/1155/1155 1156/1156/1156
f 1156/1156/1156 1155/1155/1155 2128/2128/2128
f 1160/1160/1160 1158/1158/1158 1159/1159/1159
f 1159/1159/1159 1158/1158/1158 2129/2129/2129
f 1166/1166/1166 1164/1164/1164 1165/1165/1165
f 1165/1165/1165 1164/1164/1164 2133/2133/2133
f 1172/1172/1172 1170/1170/1170 1171/1171/1171
f 1171/1171/1171 1170/1170/1170 2137/2137/2137
f 1175/1175/1175 1173/1173/1173 1174/1174/1174
f 1174/1174/1174 1173/1173/1173 2138/2138/2138
f 1178/1178/1178 1176/1176/1176 1177/1177/1177
f 1177/1177/1177 1176/1176/1176 2139/2139/2139
f 1184/1184/1184 1182/1182/1182 1183/1183/1183
f 1183/1183/1183 1182/1182/1182 2143/2143/2143
f 1187/1187/1187 1185/1185/1185 1186/1186/1186
f 1186/1186/1186 1185/1185/1185 2144/2144/2144
f 1190/1190/1190 1188/1188/1188 1189/1189/1189
f 1189/1189/1189 1188/1188/1188 2145/2145/2145
f 1193/1193/1193 1191/1191/1191 1192/1192/1192
f 1192/1192/1192 1191/1191/1191 2146/2146/2146
f 1196/1196/1196 1194/1194/1194 1195/1195/1195
f 1195/1195/1195 1194/1194/1194 2147/2147/2147
f 1199/1199/1199 1197/1197/1197 1198/1198/1198
f 1198/1198/1198 1197/1197/1197 2148/2148/2148
f 1202/1202/1202 1200/1200/1200 1201/1201/1201
f 1201/1201/1201 1200/1200/1200 2149/2149/2149
f 1205/1205/1205 1203/1203/1203 1204/1204/1204
f 1204/1204/1204 1203/1203/1203 2150/2150/2150
f 1208/1208/1208 1206/1206/1206 1207/1207/1207
f 1207/1207/1207 1206/1206/1206 2151/2151/2151
f 1211/1211/1211 1209/1209/1209 1210/1210/1210
f 1210/1210/1210 1209/1209/1209 2152/2152/2152
f 1217/1217/1217 1215/1215/1215 1216/1216/1216
f 1216/1216/1216 1215/1215/1215 2156/2156/2156
f 1220/1220/1220 1218/1218/1218 1219/1219/1219
f 1219/1219/1219 1218/1218/1218 2157/2157/2157
f 1223/1223/1223 1221/1221/1221 1222/1222/1222
f 1222/1222/1222 1221/1221/1221 2158/2158/2158
f 1226/1226/1226 1224/1224/1224 1225/1225/1225
f 1225/1225/1225 1224/1224/1224 2159/2159/2159
f 1229/1229/1229 1227/1227/1227 1228/1228/1228
f 1228/1228/1228 1227/1227/1227 2160/2160/2160
f 1232/1232/1232 1230/1230/1230 1231/1231/1231
f 1231/1231/1231 1230/1230/1230 2161/2161/2161
f 1299/1299/1299 1300/1300/1300 1298/1298/1298
f 1298/1298/1298 1300/1300/1300 1311/1311/1311
f 1300/1300/1300 1301/1301/1301 188/188/188
f 188/188/188 1301/1301/1301 1302/1302/1302
f 1302/1302/1302 1303/1303/1303 188/188/188
f 188/188/188 1303/1303/1303 1304/1304/1304
f 1316/1316/1316 1317/1317/1317 1318/1318/1318
f 1318/1318/1318 1317/1317/1317 1320/1320/1320
f 1317/1317/1317 1319/1319/1319 1320/1320/1320
f 1320/1320/1320 1319/1319/1319 1322/1322/1322
f 1319/1319/1319 1321/1321/1321 1322/1322/1322
f 1322/1322/1322 1321/1321/1321 1323/1323/1323
f 1324/1324/1324 1325/1325/1325 1326/1326/1326
f 1326/1326/1326 1325/1325/1325 1328/1328/1328
f 1325/1325/1325 1327/1327/1327 1328/1328/1328
f 1328/1328/1328 1327/1327/1327 1337/1337/1337
f 1331/1331/1331 1318/1318/1318 1330/1330/1330
f 1330/1330/1330 1318/1318/1318 1332/1332/1332
f 1335/1335/1335 1322/1322/1322 1334/1334/1334
f 1334/1334/1334 1322/1322/1322 1336/1336/1336
f 1338/1338/1338 1339/1339/1339 1340/1340/1340
f 1340/1340/1340 1339/1339/1339 1341/1341/1341
f 1337/1337/1337 1342/1342/1342 1328/1328/1328
f 1328/1328/1328 1342/1342/1342 1343/1343/1343
f 1357/1357/1357 1358/1358/1358 1356/1356/1356
f 1356/1356/1356 1358/1358/1358 1360/1360/1360
f 193/193/193 195/195/195 1371/1371/1371
f 1371/1371/1371 195/195/195 1378/1378/1378
f 193/193/193 1372/1372/1372 194/194/194
f 194/194/194 1372/1372/1372 1374/1374/1374
f 1397/1397/1397 1398/1398/1398 1396/1396/1396
f 1396/1396/1396 1398/1398/1398 1405/1405/1405
f 1414/1414/1414 1405/1405/1405 1415/1415/1415
f 1415/1415/1415 1405/1405/1405 1398/1398/1398
f 1419/1419/1419 1420/1420/1420 1421/1421/1421
f 1421/1421/1421 1420/1420/1420 1423/1423/1423
f 1426/1426/1426 1427/1427/1427 1421/1421/1421
f 1421/1421/1421 1427/1427/1427 1424/1424/1424
f 1432/1432/1432 1433/1433/1433 1431/1431/1431
f 1431/1431/1431 1433/1433/1433 1464/1464/1464
f 1438/1438/1438 1439/1439/1439 1437/1437/1437
f 1437/1437/1437 1439/1439/1439 1431/1431/1431
f 1438/1438/1438 1440/1440/1440 1439/1439/1439
f 1439/1439/1439 1440/1440/1440 1465/1465/1465
f 1445/1445/1445 1446/1446/1446 1444/1444/1444
f 1444/1444/1444 1446/1446/1446 1447/1447/1447
f 1447/1447/1447 1448/1448/1448 1444/1444/1444
f 1444/1444/1444 1448/1448/1448 1440/1440/1440
f 1459/1459/1459 1460/1460/1460 1458/1458/1458
f 1458/1458/1458 1460/1460/1460 1462/1462/1462
f 1460/1460/1460 1463/1463/1463 1462/1462/1462
f 1462/1462/1462 1463/1463/1463 1476/1476/1476
f 1440/1440/1440 1457/1457/1457 1465/1465/1465
f 1465/1465/1465 1457/1457/1457 1466/1466/1466
f 1457/1457/1457 1458/1458/1458 1466/1466/1466
f 1466/1466/1466 1458/1458/1458 1470/1470/1470
f 1474/1474/1474 1475/1475/1475 1463/1463/1463
f 1463/1463/1463 1475/1475/1475 1476/1476/1476
f 1477/1477/1477 1476/1476/1476 1478/1478/1478
f 1478/1478/1478 1476/1476/1476 1475/1475/1475
f 1487/1487/1487 1488/1488/1488 1483/1483/1483
f 1483/1483/1483 1488/1488/1488 202/202/202
f 1501/1501/1501 1502/1502/1502 1503/1503/1503
f 1503/1503/1503 1502/1502/1502 1504/1504/1504
f 1517/1517/1517 1518/1518/1518 1519/1519/1519
f 1519/1519/1519 1518/1518/1518 1520/1520/1520
f 1554/1554/1554 1555/1555/1555 1553/1553/1553
f 1553/1553/1553 1555/1555/1555 1556/1556/1556
f 1566/1566/1566 322/322/322 1565/1565/1565
f 1565/1565/1565 322/322/322 1568/1568/1568
f 1574/1574/1574 1575/1575/1575 1573/1573/1573
f 1573/1573/1573 1575/1575/1575 1586/1586/1586
f 1577/1577/1577 1578/1578/1578 1576/1576/1576
f 1576/1576/1576 1578/1578/1578 1585/1585/1585
f 1579/1579/1579 1580/1580/1580 1581/1581/1581
f 1581/1581/1581 1580/1580/1580 1594/1594/1594
f 1579/1579/1579 1581/1581/1581 1593/1593/1593
f 1593/1593/1593 1581/1581/1581 1596/1596/1596
f 1596/1596/1596 1581/1581/1581 1595/1595/1595
f 1595/1595/1595 1581/1581/1581 1597/1597/1597
f 1602/1602/1602 323/323/323 1601/1601/1601
f 1601/1601/1601 323/323/323 1607/1607/1607
f 1594/1594/1594 1585/1585/1585 323/323/323
f 323/323/323 1585/1585/1585 324/324/324
f 1604/1604/1604 1605/1605/1605 1603/1603/1603
f 1603/1603/1603 1605/1605/1605 1606/1606/1606
f 1610/1610/1610 1611/1611/1611 1609/1609/1609
f 1609/1609/1609 1611/1611/1611 1612/1612/1612
f 1613/1613/1613 1607/1607/1607 1614/1614/1614
f 1614/1614/1614 1607/1607/1607 325/325/325
f 1615/1615/1615 1614/1614/1614 1616/1616/1616
f 1616/1616/1616 1614/1614/1614 325/325/325
f 1617/1617/1617 1618/1618/1618 1619/1619/1619
f 1619/1619/1619 1618/1618/1618 1615/1615/1615
f 1620/1620/1620 1621/1621/1621 1622/1622/1622
f 1622/1622/1622 1621/1621/1621 1617/1617/1617
f 1623/1623/1623 1624/1624/1624 1625/1625/1625
f 1625/1625/1625 1624/1624/1624 1620/1620/1620
f 1637/1637/1637 1631/1631/1631 1636/1636/1636
f 1636/1636/1636 1631/1631/1631 1639/1639/1639
f 1639/1639/1639 1640/1640/1640 1638/1638/1638
f 1638/1638/1638 1640/1640/1640 1641/1641/1641
f 1642/1642/1642 1643/1643/1643 1644/1644/1644
f 1644/1644/1644 1643/1643/1643 1646/1646/1646
f 1643/1643/1643 1645/1645/1645 1646/1646/1646
f 1646/1646/1646 1645/1645/1645 1647/1647/1647
f 1681/1681/1681 1682/1682/1682 1683/1683/1683
f 1683/1683/1683 1682/1682/1682 1674/1674/1674
f 1686/1686/1686 1687/1687/1687 1685/1685/1685
f 1685/1685/1685 1687/1687/1687 1677/1677/1677
f 1688/1688/1688 1689/1689/1689 1690/1690/1690
f 1690/1690/1690 1689/1689/1689 1695/1695/1695
f 1694/1694/1694 1695/1695/1695 1696/1696/1696
f 1696/1696/1696 1695/1695/1695 1689/1689/1689
f 1698/1698/1698 1699/1699/1699 1697/1697/1697
f 1697/1697/1697 1699/1699/1699 1704/1704/1704
f 1694/1694/1694 1696/1696/1696 1699/1699/1699
f 1699/1699/1699 1696/1696/1696 1713/1713/1713
f 1702/1702/1702 1697/1697/1697 1703/1703/1703
f 1703/1703/1703 1697/1697/1697 1705/1705/1705
f 1710/1710/1710 1711/1711/1711 1709/1709/1709
f 1709/1709/1709 1711/1711/1711 1699/1699/1699
f 1714/1714/1714 1715/1715/1715 1713/1713/1713
f 1713/1713/1713 1715/1715/1715 1716/1716/1716
f 1717/1717/1717 1709/1709/1709 1716/1716/1716
f 1716/1716/1716 1709/1709/1709 1699/1699/1699
f 1722/1722/1722 336/336/336 1721/1721/1721
f 1721/1721/1721 336/336/336 1732/1732/1732
f 1725/1725/1725 1726/1726/1726 1715/1715/1715
f 1715/1715/1715 1726/1726/1726 1716/1716/1716
f 337/337/337 1733/1733/1733 335/335/335
f 335/335/335 1733/1733/1733 1735/1735/1735
f 1735/1735/1735 1736/1736/1736 335/335/335
f 335/335/335 1736/1736/1736 1738/1738/1738
f 1740/1740/1740 1741/1741/1741 1739/1739/1739
f 1739/1739/1739 1741/1741/1741 1747/1747/1747
f 1742/1742/1742 1743/1743/1743 1741/1741/1741
f 1741/1741/1741 1743/1743/1743 1745/1745/1745
f 193/193/193 194/194/194 195/195/195
f 195/195/195 194/194/194 1373/1373/1373
f 195/195/195 1373/1373/1373 1376/1376/1376
f 1376/1376/1376 1373/1373/1373 1375/1375/1375
f 236/236/236 237/237/237 238/238/238
f 238/238/238 237/237/237 239/239/239
f 238/238/238 239/239/239 240/240/240
f 240/240/240 239/239/239 1507/1507/1507
f 344/344/344 341/341/341 343/343/343
f 343/343/343 341/341/341 345/345/345
f 343/343/343 345/345/345 346/346/346
f 346/346/346 345/345/345 1749/1749/1749
f 1361/1361/1361 1362/1362/1362 1360/1360/1360
f 1360/1360/1360 1362/1362/1362 1359/1359/1359
f 1360/1360/1360 1359/1359/1359 1356/1356/1356
f 1356/1356/1356 1359/1359/1359 1351/1351/1351
f 1356/1356/1356 1351/1351/1351 1329/1329/1329
f 1329/1329/1329 1351/1351/1351 1352/1352/1352
f 1364/1364/1364 191/191/191 1363/1363/1363
f 1363/1363/1363 191/191/191 1365/1365/1365
f 1363/1363/1363 1365/1365/1365 1362/1362/1362
f 1362/1362/1362 1365/1365/1365 1359/1359/1359
f 192/192/192 1366/1366/1366 190/190/190
f 190/190/190 1366/1366/1366 1367/1367/1367
f 190/190/190 1367/1367/1367 1369/1369/1369
f 1369/1369/1369 1367/1367/1367 1368/1368/1368
f 1388/1388/1388 1382/1382/1382 1384/1384/1384
f 1384/1384/1384 1382/1382/1382 1383/1383/1383
f 1384/1384/1384 1383/1383/1383 1386/1386/1386
f 1386/1386/1386 1383/1383/1383 1385/1385/1385
f 1452/1452/1452 1453/1453/1453 1440/1440/1440
f 1440/1440/1440 1453/1453/1453 1455/1455/1455
f 1440/1440/1440 1455/1455/1455 1457/1457/1457
f 1457/1457/1457 1455/1455/1455 1456/1456/1456
f 1479/1479/1479 1480/1480/1480 1481/1481/1481
f 1481/1481/1481 1480/1480/1480 1474/1474/1474
f 1481/1481/1481 1474/1474/1474 1489/1489/1489
f 1489/1489/1489 1474/1474/1474 203/203/203
f 320/320/320 322/322/322 1559/1559/1559
f 1559/1559/1559 322/322/322 1558/1558/1558
f 1559/1559/1559 1558/1558/1558 1561/1561/1561
f 1561/1561/1561 1558/1558/1558 1560/1560/1560
f 1578/1578/1578 1569/1569/1569 1571/1571/1571
f 1571/1571/1571 1569/1569/1569 1570/1570/1570
f 1571/1571/1571 1570/1570/1570 1573/1573/1573
f 1573/1573/1573 1570/1570/1570 1572/1572/1572
f 1640/1640/1640 1631/1631/1631 1633/1633/1633
f 1633/1633/1633 1631/1631/1631 1632/1632/1632
f 1633/1633/1633 1632/1632/1632 1635/1635/1635
f 1635/1635/1635 1632/1632/1632 1634/1634/1634
f 1651/1651/1651 1652/1652/1652 1653/1653/1653
f 1653/1653/1653 1652/1652/1652 1657/1657/1657
f 1653/1653/1653 1657/1657/1657 1666/1666/1666
f 1666/1666/1666 1657/1657/1657 1665/1665/1665
f 1725/1725/1725 1721/1721/1721 1726/1726/1726
f 1726/1726/1726 1721/1721/1721 1732/1732/1732
f 1726/1726/1726 1732/1732/1732 1731/1731/1731
f 1731/1731/1731 1732/1732/1732 1730/1730/1730
